TABLE,SCHEMA_OWNER,CREATION_MIGRATION,MIGRATION_LINEAGE,MIGRATION_ORDER,CURRENT_BOOTSTRAP_INCLUDED,RUNTIME_PRINCIPAL,RUNTIME_PRIVILEGES,RLS_REQUIRED,ACTIVE_RUNTIME_REFERENCE,ACTIVE_RUNTIME_READERS,ACTIVE_RUNTIME_WRITERS,CREATION_LINEAGE_CLASS,CANONICAL_REQUIREMENT,DISPOSITION,STORAGE_AUTHORITY_DOMAIN,DRIZZLE_PROJECTION,DJANGO_MODEL,CREATION_EVIDENCE_FILES
account_mappings,DJANGO_OWNED,apps/union-eyes/backend/billing/migrations/0001_initial.py,DJANGO_MIGRATIONS,10,false,tenant,SELECT,true,false,0,0,DJANGO_CANONICAL_LINEAGE,REQUIRED,,domains/financial/chart-of-accounts,domains/financial/chart-of-accounts.accountMappings,apps/union-eyes/backend/billing/models.py,apps/union-eyes/backend/billing/migrations/0001_initial.py|apps/union-eyes/db/migrations/1770880372830_consolidate_chart_of_accounts_fixed.sql
ai_clause_reasonings,PLATFORM_SQL_OWNED,apps/union-eyes/db/migrations-audit/0000_familiar_silhouette.sql,UNION_EYES_AUDIT_SQL,40,false,tenant,SELECT|INSERT|UPDATE,true,true,1,1,OTHER_GOVERNED_LINEAGE,REQUIRED,,domains/ml/ai-clause-reasoning,domains/ml/ai-clause-reasoning.aiClauseReasonings,,apps/union-eyes/db/migrations-audit/0000_familiar_silhouette.sql|scripts/stub-migration.sql
ai_copilot_sessions,PLATFORM_SQL_OWNED,apps/union-eyes/db/migrations-audit/0000_familiar_silhouette.sql,UNION_EYES_AUDIT_SQL,40,false,tenant,SELECT|INSERT|UPDATE,true,true,1,1,OTHER_GOVERNED_LINEAGE,REQUIRED,,domains/ml/ai-copilot-sessions,domains/ml/ai-copilot-sessions.aiCopilotSessions,,apps/union-eyes/db/migrations-audit/0000_familiar_silhouette.sql|scripts/stub-migration.sql
ai_grievance_triages,PLATFORM_SQL_OWNED,apps/union-eyes/db/migrations-audit/0000_familiar_silhouette.sql,UNION_EYES_AUDIT_SQL,40,false,tenant,SELECT|INSERT,true,true,1,1,OTHER_GOVERNED_LINEAGE,REQUIRED,,domains/ml/ai-grievance-triage,domains/ml/ai-grievance-triage.aiGrievanceTriages,,apps/union-eyes/db/migrations-audit/0000_familiar_silhouette.sql|scripts/stub-migration.sql
ai_insight_reports,PLATFORM_SQL_OWNED,apps/union-eyes/db/migrations-audit/0000_familiar_silhouette.sql,UNION_EYES_AUDIT_SQL,40,false,tenant,SELECT|INSERT,true,true,1,1,OTHER_GOVERNED_LINEAGE,REQUIRED,,domains/ml/ai-insight-reports,domains/ml/ai-insight-reports.aiInsightReports,,apps/union-eyes/db/migrations-audit/0000_familiar_silhouette.sql|scripts/stub-migration.sql
ai_safety_filters,DJANGO_OWNED,apps/union-eyes/backend/ai_core/migrations/0001_initial.py,DJANGO_MIGRATIONS,10,false,tenant,INSERT,true,true,0,1,DJANGO_CANONICAL_LINEAGE,REQUIRED,,ai-chatbot-schema,ai-chatbot-schema.aiSafetyFilters|domains/ml/chatbot.aiSafetyFilters,apps/union-eyes/backend/ai_core/models.py,apps/union-eyes/backend/ai_core/migrations/0001_initial.py|apps/union-eyes/db/migrations/0006_flat_stepford_cuckoos.sql|apps/union-eyes/db/migrations-audit/0000_familiar_silhouette.sql
ai_usage_metrics,DJANGO_OWNED,apps/union-eyes/backend/ai_core/migrations/0001_initial.py,DJANGO_MIGRATIONS,10,false,tenant,SELECT|INSERT,true,true,1,2,DJANGO_CANONICAL_LINEAGE,REQUIRED,,ai-chatbot-schema,ai-chatbot-schema.aiUsageMetrics|domains/ml/chatbot.aiUsageMetrics,apps/union-eyes/backend/ai_core/models.py,apps/union-eyes/backend/ai_core/migrations/0001_initial.py|apps/union-eyes/db/migrations/0079_ai_cost_tracking_phase1.sql|apps/union-eyes/db/migrations-audit/0000_familiar_silhouette.sql
alert_executions,DJANGO_OWNED,apps/union-eyes/backend/core/migrations/0001_initial.py,DJANGO_MIGRATIONS,10,false,mixed,SELECT,true,true,1,1,DJANGO_CANONICAL_LINEAGE,REQUIRED,,alerting-automation-schema,alerting-automation-schema.alertExecutions|domains/infrastructure/alerting.alertExecutions,apps/union-eyes/backend/core/models.py,apps/union-eyes/backend/core/migrations/0001_initial.py|apps/union-eyes/db/migrations/0008_lean_mother_askani.sql|apps/union-eyes/db/migrations/0008_lean_mother_askani.sql|apps/union-eyes/db/migrations/0008_lean_mother_askani.sql|apps/union-eyes/db/migrations/0008_lean_mother_askani.sql|apps/union-eyes/db/migrations/0008_lean_mother_askani.sql|apps/union-eyes/db/migrations/0008_lean_mother_askani.sql|apps/union-eyes/db/migrations/0008_lean_mother_askani.sql|apps/union-eyes/db/migrations/0008_lean_mother_askani.sql|apps/union-eyes/db/migrations/0008_lean_mother_askani.sql|apps/union-eyes/db/migrations/0008_lean_mother_askani.sql|apps/union-eyes/db/migrations/0008_lean_mother_askani.sql|apps/union-eyes/db/migrations/0008_lean_mother_askani.sql|apps/union-eyes/db/migrations/0008_lean_mother_askani.sql|apps/union-eyes/db/migrations/0008_lean_mother_askani.sql|apps/union-eyes/db/migrations/0008_lean_mother_askani.sql|apps/union-eyes/db/migrations/0008_lean_mother_askani.sql|apps/union-eyes/db/migrations/0008_lean_mother_askani.sql|apps/union-eyes/db/migrations/0008_lean_mother_askani.sql|apps/union-eyes/db/migrations/0008_lean_mother_askani.sql|apps/union-eyes/db/migrations/0008_lean_mother_askani.sql|apps/union-eyes/db/migrations/0008_lean_mother_askani.sql|apps/union-eyes/db/migrations/0008_lean_mother_askani.sql|apps/union-eyes/db/migrations/0008_lean_mother_askani.sql|apps/union-eyes/db/migrations/0008_lean_mother_askani.sql|apps/union-eyes/db/migrations/0008_lean_mother_askani.sql|apps/union-eyes/db/migrations/0008_lean_mother_askani.sql|apps/union-eyes/db/migrations/0008_lean_mother_askani.sql|apps/union-eyes/db/migrations/0008_lean_mother_askani.sql|apps/union-eyes/db/migrations/0008_lean_mother_askani.sql|apps/union-eyes/db/migrations-audit/0000_familiar_silhouette.sql
alert_rules,DJANGO_OWNED,apps/union-eyes/backend/core/migrations/0001_initial.py,DJANGO_MIGRATIONS,10,false,mixed,SELECT,true,true,1,1,DJANGO_CANONICAL_LINEAGE,REQUIRED,,alerting-automation-schema,alerting-automation-schema.alertRules|domains/infrastructure/alerting.alertRules,apps/union-eyes/backend/core/models.py,apps/union-eyes/backend/core/migrations/0001_initial.py|apps/union-eyes/db/migrations/0008_lean_mother_askani.sql|apps/union-eyes/db/migrations/0008_lean_mother_askani.sql|apps/union-eyes/db/migrations/0008_lean_mother_askani.sql|apps/union-eyes/db/migrations/0008_lean_mother_askani.sql|apps/union-eyes/db/migrations/0008_lean_mother_askani.sql|apps/union-eyes/db/migrations/0008_lean_mother_askani.sql|apps/union-eyes/db/migrations/0008_lean_mother_askani.sql|apps/union-eyes/db/migrations/0008_lean_mother_askani.sql|apps/union-eyes/db/migrations/0008_lean_mother_askani.sql|apps/union-eyes/db/migrations/0008_lean_mother_askani.sql|apps/union-eyes/db/migrations/0008_lean_mother_askani.sql|apps/union-eyes/db/migrations/0008_lean_mother_askani.sql|apps/union-eyes/db/migrations/0008_lean_mother_askani.sql|apps/union-eyes/db/migrations/0008_lean_mother_askani.sql|apps/union-eyes/db/migrations/0008_lean_mother_askani.sql|apps/union-eyes/db/migrations/0008_lean_mother_askani.sql|apps/union-eyes/db/migrations/0008_lean_mother_askani.sql|apps/union-eyes/db/migrations/0008_lean_mother_askani.sql|apps/union-eyes/db/migrations/0008_lean_mother_askani.sql|apps/union-eyes/db/migrations/0008_lean_mother_askani.sql|apps/union-eyes/db/migrations/0008_lean_mother_askani.sql|apps/union-eyes/db/migrations/0008_lean_mother_askani.sql|apps/union-eyes/db/migrations/0008_lean_mother_askani.sql|apps/union-eyes/db/migrations/0008_lean_mother_askani.sql|apps/union-eyes/db/migrations/0008_lean_mother_askani.sql|apps/union-eyes/db/migrations/0008_lean_mother_askani.sql|apps/union-eyes/db/migrations/0008_lean_mother_askani.sql|apps/union-eyes/db/migrations/0008_lean_mother_askani.sql|apps/union-eyes/db/migrations/0008_lean_mother_askani.sql|apps/union-eyes/db/migrations-audit/0000_familiar_silhouette.sql
allocation_basis_snapshots,PLATFORM_SQL_OWNED,apps/union-eyes/db/migrations/20260325_dapl_platform_ledger.sql,UNION_EYES_LEGACY_SQL,20,false,tenant,INSERT,true,true,1,1,ACTIVE_SQL_PLATFORM_LINEAGE,REQUIRED,,domains/finance/allocation,domains/finance/allocation.allocationBasisSnapshots,,apps/union-eyes/db/migrations/20260325_dapl_platform_ledger.sql|apps/union-eyes/db/migrations-audit/0000_familiar_silhouette.sql|apps/union-eyes/db/migrations-audit/finance-tables.sql|migrations/finance-platform-billing-tables.sql
allocation_rule_versions,PLATFORM_SQL_OWNED,apps/union-eyes/db/migrations/20260325_dapl_platform_ledger.sql,UNION_EYES_LEGACY_SQL,20,false,tenant,SELECT|INSERT,true,true,1,1,ACTIVE_SQL_PLATFORM_LINEAGE,REQUIRED,,domains/finance/allocation,domains/finance/allocation.allocationRuleVersions,,apps/union-eyes/db/migrations/20260325_dapl_platform_ledger.sql|apps/union-eyes/db/migrations-audit/0000_familiar_silhouette.sql|apps/union-eyes/db/migrations-audit/finance-tables.sql|migrations/finance-platform-billing-tables.sql
allocation_rules,PLATFORM_SQL_OWNED,apps/union-eyes/db/migrations/20260325_dapl_platform_ledger.sql,UNION_EYES_LEGACY_SQL,20,false,tenant,SELECT|INSERT,true,true,1,1,ACTIVE_SQL_PLATFORM_LINEAGE,REQUIRED,,domains/finance/allocation,domains/finance/allocation.allocationRules,,apps/union-eyes/db/migrations/20260325_dapl_platform_ledger.sql|apps/union-eyes/db/migrations-audit/0000_familiar_silhouette.sql|apps/union-eyes/db/migrations-audit/finance-tables.sql|migrations/finance-platform-billing-tables.sql
allocation_run_lines,PLATFORM_SQL_OWNED,apps/union-eyes/db/migrations/20260325_dapl_platform_ledger.sql,UNION_EYES_LEGACY_SQL,20,false,tenant,INSERT,true,true,2,1,ACTIVE_SQL_PLATFORM_LINEAGE,REQUIRED,,domains/finance/allocation,domains/finance/allocation.allocationRunLines,,apps/union-eyes/db/migrations/20260325_dapl_platform_ledger.sql|apps/union-eyes/db/migrations-audit/0000_familiar_silhouette.sql|apps/union-eyes/db/migrations-audit/finance-tables.sql|migrations/finance-platform-billing-tables.sql
allocation_runs,PLATFORM_SQL_OWNED,apps/union-eyes/db/migrations/20260325_dapl_platform_ledger.sql,UNION_EYES_LEGACY_SQL,20,false,tenant,SELECT|INSERT,true,true,2,1,ACTIVE_SQL_PLATFORM_LINEAGE,REQUIRED,,domains/finance/allocation,domains/finance/allocation.allocationRuns,,apps/union-eyes/db/migrations/20260325_dapl_platform_ledger.sql|apps/union-eyes/db/migrations-audit/0000_familiar_silhouette.sql|apps/union-eyes/db/migrations-audit/finance-tables.sql|migrations/finance-platform-billing-tables.sql
analytics_metrics,DJANGO_OWNED,apps/union-eyes/backend/analytics/migrations/0001_initial.py,DJANGO_MIGRATIONS,10,false,tenant,SELECT|INSERT,true,true,5,1,DJANGO_CANONICAL_LINEAGE,REQUIRED,,analytics,analytics.analyticsMetrics|domains/analytics/analytics.analyticsMetrics,apps/union-eyes/backend/analytics/models.py,apps/union-eyes/backend/analytics/migrations/0001_initial.py|apps/union-eyes/db/migrations/20260324_add_remaining_missing_tables.sql|apps/union-eyes/db/migrations/20260507_fixup_create_break_glass_activations.sql|apps/union-eyes/db/migrations/manual/067_advanced_analytics_q1_2025.sql|apps/union-eyes/db/migrations-audit/0000_familiar_silhouette.sql|apps/union-eyes/services/financial-service/drizzle/0000_lucky_mole_man.sql
anti_scab_violations,UNKNOWN,,PROJECTED_OR_RUNTIME_USED_WITHOUT_CREATION_LINEAGE,,false,tenant,SELECT|INSERT|UPDATE|DELETE,true,false,0,0,PROJECTED_OR_RUNTIME_USED_WITHOUT_CREATION_LINEAGE,UNRESOLVED,F,domains/health-safety/cnesst-schema,domains/health-safety/cnesst-schema.antiScabViolations,,
api_integrations,DJANGO_OWNED,apps/union-eyes/backend/core/migrations/0001_initial.py,DJANGO_MIGRATIONS,10,false,tenant,SELECT|UPDATE|DELETE,true,true,1,1,DJANGO_CANONICAL_LINEAGE,REQUIRED,,integration-schema,integration-schema.apiIntegrations,apps/union-eyes/backend/core/models.py,apps/union-eyes/backend/core/migrations/0001_initial.py
arbitration_decisions,DJANGO_OWNED,apps/union-eyes/backend/bargaining/migrations/0001_initial.py,DJANGO_MIGRATIONS,10,false,tenant,SELECT|INSERT|UPDATE|DELETE,false,true,3,2,DJANGO_CANONICAL_LINEAGE,REQUIRED,,cba-intelligence-schema,cba-intelligence-schema.arbitrationDecisions|domains/agreements/intelligence.arbitrationDecisions,apps/union-eyes/backend/bargaining/models.py,apps/union-eyes/backend/bargaining/migrations/0001_initial.py|apps/union-eyes/db/migrations/20260507_fixup_create_break_glass_activations.sql|apps/union-eyes/db/migrations/manual/cba_intelligence_manual.sql|apps/union-eyes/db/migrations-audit/0000_familiar_silhouette.sql|apps/union-eyes/services/financial-service/drizzle/0000_lucky_mole_man.sql
arbitration_precedents,DJANGO_OWNED,apps/union-eyes/backend/bargaining/migrations/0001_initial.py,DJANGO_MIGRATIONS,10,false,tenant,SELECT|INSERT|UPDATE|DELETE,true,true,2,0,DJANGO_CANONICAL_LINEAGE,REQUIRED,,arbitration-precedents-schema,arbitration-precedents-schema.arbitrationPrecedents|domains/data/precedents.arbitrationPrecedents,apps/union-eyes/backend/bargaining/models.py,apps/union-eyes/backend/bargaining/migrations/0001_initial.py|apps/union-eyes/db/migrations/0001_phase5b_inter_union_features.sql|apps/union-eyes/db/migrations-audit/0000_familiar_silhouette.sql|apps/union-eyes/services/financial-service/drizzle/0000_lucky_mole_man.sql
arbitrations,DJANGO_OWNED,apps/union-eyes/backend/grievances/migrations/0001_initial.py,DJANGO_MIGRATIONS,10,false,tenant,SELECT|INSERT|UPDATE|DELETE,true,true,1,0,DJANGO_CANONICAL_LINEAGE,REQUIRED,,domains/claims/grievances,domains/claims/grievances.arbitrations|grievance-schema.arbitrations,apps/union-eyes/backend/grievances/models.py,apps/union-eyes/backend/grievances/migrations/0001_initial.py|apps/union-eyes/db/migrations/20260507_fixup_pre_0008_missing_tables.sql|apps/union-eyes/db/migrations-audit/0000_familiar_silhouette.sql
audit_logs,DJANGO_OWNED,apps/union-eyes/backend/core/migrations/0001_initial.py,DJANGO_MIGRATIONS,10,false,mixed,SELECT|INSERT|UPDATE|DELETE,true,true,1,1,DJANGO_CANONICAL_LINEAGE,EXCLUDED_BY_SCOPE_DISPOSITION,,undeclared,,apps/union-eyes/backend/core/models.py,apps/union-eyes/backend/core/migrations/0001_initial.py|apps/union-eyes/db/migrations/20260507_fixup_create_break_glass_activations.sql|tooling/sql/union-eyes-qa-baseline.sql
automation_rules,DJANGO_OWNED,apps/union-eyes/backend/core/migrations/0001_initial.py,DJANGO_MIGRATIONS,10,false,tenant,,true,true,1,1,DJANGO_CANONICAL_LINEAGE,REQUIRED,,automation-rules-schema,automation-rules-schema.automationRules|domains/infrastructure/automation.automationRules|domains/infrastructure/rewards.automationRules|recognition-rewards-schema.automationRules,apps/union-eyes/backend/core/models.py,apps/union-eyes/backend/core/migrations/0001_initial.py|apps/union-eyes/db/migrations/0006_flat_stepford_cuckoos.sql|apps/union-eyes/db/migrations-audit/0000_familiar_silhouette.sql
bank_accounts,DJANGO_OWNED,apps/union-eyes/backend/billing/migrations/0001_initial.py,DJANGO_MIGRATIONS,10,false,tenant,SELECT|INSERT|UPDATE|DELETE,true,false,0,0,DJANGO_CANONICAL_LINEAGE,REQUIRED,,domains/infrastructure/erp,domains/infrastructure/erp.bankAccounts,apps/union-eyes/backend/billing/models.py,apps/union-eyes/backend/billing/migrations/0001_initial.py|apps/union-eyes/db/migrations/0008_lean_mother_askani.sql|apps/union-eyes/db/migrations/0008_lean_mother_askani.sql|apps/union-eyes/db/migrations/0008_lean_mother_askani.sql|apps/union-eyes/db/migrations/0008_lean_mother_askani.sql|apps/union-eyes/db/migrations/0008_lean_mother_askani.sql|apps/union-eyes/db/migrations/0008_lean_mother_askani.sql|apps/union-eyes/db/migrations/0008_lean_mother_askani.sql|apps/union-eyes/db/migrations/0008_lean_mother_askani.sql|apps/union-eyes/db/migrations/0008_lean_mother_askani.sql|apps/union-eyes/db/migrations/0008_lean_mother_askani.sql|apps/union-eyes/db/migrations/0008_lean_mother_askani.sql|apps/union-eyes/db/migrations/0008_lean_mother_askani.sql|apps/union-eyes/db/migrations/0008_lean_mother_askani.sql|apps/union-eyes/db/migrations/0008_lean_mother_askani.sql|apps/union-eyes/db/migrations/0008_lean_mother_askani.sql|apps/union-eyes/db/migrations/0008_lean_mother_askani.sql|apps/union-eyes/db/migrations/0008_lean_mother_askani.sql|apps/union-eyes/db/migrations/0008_lean_mother_askani.sql|apps/union-eyes/db/migrations/0008_lean_mother_askani.sql|apps/union-eyes/db/migrations/0008_lean_mother_askani.sql|apps/union-eyes/db/migrations/0008_lean_mother_askani.sql|apps/union-eyes/db/migrations/0008_lean_mother_askani.sql|apps/union-eyes/db/migrations/0008_lean_mother_askani.sql|apps/union-eyes/db/migrations/0008_lean_mother_askani.sql|apps/union-eyes/db/migrations/0008_lean_mother_askani.sql|apps/union-eyes/db/migrations/0008_lean_mother_askani.sql|apps/union-eyes/db/migrations/0008_lean_mother_askani.sql|apps/union-eyes/db/migrations/0008_lean_mother_askani.sql|apps/union-eyes/db/migrations/0008_lean_mother_askani.sql|apps/union-eyes/db/migrations-audit/0000_familiar_silhouette.sql
bank_reconciliation,DJANGO_OWNED,apps/union-eyes/backend/billing/migrations/0001_initial.py,DJANGO_MIGRATIONS,10,false,tenant,SELECT|INSERT|UPDATE|DELETE,true,false,0,0,DJANGO_CANONICAL_LINEAGE,REQUIRED,,domains/finance/payments,domains/finance/payments.bankReconciliation|financial-payments-schema.bankReconciliation,apps/union-eyes/backend/billing/models.py,apps/union-eyes/backend/billing/migrations/0001_initial.py|apps/union-eyes/db/migrations/0008_lean_mother_askani.sql|apps/union-eyes/db/migrations/0008_lean_mother_askani.sql|apps/union-eyes/db/migrations/0008_lean_mother_askani.sql|apps/union-eyes/db/migrations/0008_lean_mother_askani.sql|apps/union-eyes/db/migrations/0008_lean_mother_askani.sql|apps/union-eyes/db/migrations/0008_lean_mother_askani.sql|apps/union-eyes/db/migrations/0008_lean_mother_askani.sql|apps/union-eyes/db/migrations/0008_lean_mother_askani.sql|apps/union-eyes/db/migrations/0008_lean_mother_askani.sql|apps/union-eyes/db/migrations/0008_lean_mother_askani.sql|apps/union-eyes/db/migrations/0008_lean_mother_askani.sql|apps/union-eyes/db/migrations/0008_lean_mother_askani.sql|apps/union-eyes/db/migrations/0008_lean_mother_askani.sql|apps/union-eyes/db/migrations/0008_lean_mother_askani.sql|apps/union-eyes/db/migrations/0008_lean_mother_askani.sql|apps/union-eyes/db/migrations/0008_lean_mother_askani.sql|apps/union-eyes/db/migrations/0008_lean_mother_askani.sql|apps/union-eyes/db/migrations/0008_lean_mother_askani.sql|apps/union-eyes/db/migrations/0008_lean_mother_askani.sql|apps/union-eyes/db/migrations/0008_lean_mother_askani.sql|apps/union-eyes/db/migrations/0008_lean_mother_askani.sql|apps/union-eyes/db/migrations/0008_lean_mother_askani.sql|apps/union-eyes/db/migrations/0008_lean_mother_askani.sql|apps/union-eyes/db/migrations/0008_lean_mother_askani.sql|apps/union-eyes/db/migrations/0008_lean_mother_askani.sql|apps/union-eyes/db/migrations/0008_lean_mother_askani.sql|apps/union-eyes/db/migrations/0008_lean_mother_askani.sql|apps/union-eyes/db/migrations/0008_lean_mother_askani.sql|apps/union-eyes/db/migrations/0008_lean_mother_askani.sql|apps/union-eyes/db/migrations-audit/0000_familiar_silhouette.sql
bank_reconciliations,DJANGO_OWNED,apps/union-eyes/backend/billing/migrations/0001_initial.py,DJANGO_MIGRATIONS,10,false,tenant,SELECT|INSERT|UPDATE|DELETE,true,false,0,0,DJANGO_CANONICAL_LINEAGE,REQUIRED,,domains/infrastructure/erp,domains/infrastructure/erp.bankReconciliations,apps/union-eyes/backend/billing/models.py,apps/union-eyes/backend/billing/migrations/0001_initial.py|apps/union-eyes/db/migrations/0008_lean_mother_askani.sql|apps/union-eyes/db/migrations/0008_lean_mother_askani.sql|apps/union-eyes/db/migrations/0008_lean_mother_askani.sql|apps/union-eyes/db/migrations/0008_lean_mother_askani.sql|apps/union-eyes/db/migrations/0008_lean_mother_askani.sql|apps/union-eyes/db/migrations/0008_lean_mother_askani.sql|apps/union-eyes/db/migrations/0008_lean_mother_askani.sql|apps/union-eyes/db/migrations/0008_lean_mother_askani.sql|apps/union-eyes/db/migrations/0008_lean_mother_askani.sql|apps/union-eyes/db/migrations/0008_lean_mother_askani.sql|apps/union-eyes/db/migrations/0008_lean_mother_askani.sql|apps/union-eyes/db/migrations/0008_lean_mother_askani.sql|apps/union-eyes/db/migrations/0008_lean_mother_askani.sql|apps/union-eyes/db/migrations/0008_lean_mother_askani.sql|apps/union-eyes/db/migrations/0008_lean_mother_askani.sql|apps/union-eyes/db/migrations/0008_lean_mother_askani.sql|apps/union-eyes/db/migrations/0008_lean_mother_askani.sql|apps/union-eyes/db/migrations/0008_lean_mother_askani.sql|apps/union-eyes/db/migrations/0008_lean_mother_askani.sql|apps/union-eyes/db/migrations/0008_lean_mother_askani.sql|apps/union-eyes/db/migrations/0008_lean_mother_askani.sql|apps/union-eyes/db/migrations/0008_lean_mother_askani.sql|apps/union-eyes/db/migrations/0008_lean_mother_askani.sql|apps/union-eyes/db/migrations/0008_lean_mother_askani.sql|apps/union-eyes/db/migrations/0008_lean_mother_askani.sql|apps/union-eyes/db/migrations/0008_lean_mother_askani.sql|apps/union-eyes/db/migrations/0008_lean_mother_askani.sql|apps/union-eyes/db/migrations/0008_lean_mother_askani.sql|apps/union-eyes/db/migrations/0008_lean_mother_askani.sql|apps/union-eyes/db/migrations-audit/0000_familiar_silhouette.sql
bargaining_notes,DJANGO_OWNED,apps/union-eyes/backend/bargaining/migrations/0001_initial.py,DJANGO_MIGRATIONS,10,false,tenant,SELECT|INSERT|UPDATE|DELETE,true,true,1,1,DJANGO_CANONICAL_LINEAGE,REQUIRED,,cba-intelligence-schema,cba-intelligence-schema.bargainingNotes|domains/agreements/intelligence.bargainingNotes,apps/union-eyes/backend/bargaining/models.py,apps/union-eyes/backend/bargaining/migrations/0001_initial.py|apps/union-eyes/db/migrations/20260507_fixup_create_break_glass_activations.sql|apps/union-eyes/db/migrations/manual/cba_intelligence_manual.sql|apps/union-eyes/db/migrations-audit/0000_familiar_silhouette.sql|apps/union-eyes/services/financial-service/drizzle/0000_lucky_mole_man.sql
bargaining_proposals,DJANGO_OWNED,apps/union-eyes/backend/bargaining/migrations/0001_initial.py,DJANGO_MIGRATIONS,10,false,tenant,SELECT|INSERT|UPDATE|DELETE,true,true,1,0,DJANGO_CANONICAL_LINEAGE,REQUIRED,,bargaining-negotiations-schema,bargaining-negotiations-schema.bargainingProposals,apps/union-eyes/backend/bargaining/models.py,apps/union-eyes/backend/bargaining/migrations/0001_initial.py|apps/union-eyes/db/migrations/0008_lean_mother_askani.sql|apps/union-eyes/db/migrations/0008_lean_mother_askani.sql|apps/union-eyes/db/migrations/0008_lean_mother_askani.sql|apps/union-eyes/db/migrations/0008_lean_mother_askani.sql|apps/union-eyes/db/migrations/0008_lean_mother_askani.sql|apps/union-eyes/db/migrations/0008_lean_mother_askani.sql|apps/union-eyes/db/migrations/0008_lean_mother_askani.sql|apps/union-eyes/db/migrations/0008_lean_mother_askani.sql|apps/union-eyes/db/migrations/0008_lean_mother_askani.sql|apps/union-eyes/db/migrations/0008_lean_mother_askani.sql|apps/union-eyes/db/migrations/0008_lean_mother_askani.sql|apps/union-eyes/db/migrations/0008_lean_mother_askani.sql|apps/union-eyes/db/migrations/0008_lean_mother_askani.sql|apps/union-eyes/db/migrations/0008_lean_mother_askani.sql|apps/union-eyes/db/migrations/0008_lean_mother_askani.sql|apps/union-eyes/db/migrations/0008_lean_mother_askani.sql|apps/union-eyes/db/migrations/0008_lean_mother_askani.sql|apps/union-eyes/db/migrations/0008_lean_mother_askani.sql|apps/union-eyes/db/migrations/0008_lean_mother_askani.sql|apps/union-eyes/db/migrations/0008_lean_mother_askani.sql|apps/union-eyes/db/migrations/0008_lean_mother_askani.sql|apps/union-eyes/db/migrations/0008_lean_mother_askani.sql|apps/union-eyes/db/migrations/0008_lean_mother_askani.sql|apps/union-eyes/db/migrations/0008_lean_mother_askani.sql|apps/union-eyes/db/migrations/0008_lean_mother_askani.sql|apps/union-eyes/db/migrations/0008_lean_mother_askani.sql|apps/union-eyes/db/migrations/0008_lean_mother_askani.sql|apps/union-eyes/db/migrations/0008_lean_mother_askani.sql|apps/union-eyes/db/migrations/0008_lean_mother_askani.sql|apps/union-eyes/db/migrations-audit/0000_familiar_silhouette.sql
bargaining_units,DJANGO_OWNED,apps/union-eyes/backend/unions/migrations/0001_initial.py,DJANGO_MIGRATIONS,10,false,tenant,SELECT|INSERT|UPDATE|DELETE,true,false,0,0,DJANGO_CANONICAL_LINEAGE,REQUIRED,,union-structure-schema,union-structure-schema.bargainingUnits,apps/union-eyes/backend/unions/models.py,apps/union-eyes/backend/unions/migrations/0001_initial.py|apps/union-eyes/db/migrations/0019_lonely_stephen_strange.sql|apps/union-eyes/db/migrations/20260324_add_remaining_missing_tables.sql|apps/union-eyes/db/migrations-audit/0000_familiar_silhouette.sql
billing_accounts,PLATFORM_SQL_OWNED,apps/union-eyes/db/migrations/20260325_dapl_platform_ledger.sql,UNION_EYES_LEGACY_SQL,20,false,mixed,SELECT|INSERT|UPDATE,true,true,3,1,ACTIVE_SQL_PLATFORM_LINEAGE,REQUIRED,,domains/finance/platform-billing,domains/finance/platform-billing.billingAccounts,,apps/union-eyes/db/migrations/20260325_dapl_platform_ledger.sql|apps/union-eyes/db/migrations-audit/0000_familiar_silhouette.sql|apps/union-eyes/db/migrations-audit/finance-tables.sql|migrations/finance-platform-billing-tables.sql
billing_periods,PLATFORM_SQL_OWNED,apps/union-eyes/db/migrations/20260325_dapl_platform_ledger.sql,UNION_EYES_LEGACY_SQL,20,false,tenant,SELECT|INSERT,true,true,5,1,ACTIVE_SQL_PLATFORM_LINEAGE,REQUIRED,,domains/finance/platform-billing,domains/finance/platform-billing.billingPeriods,,apps/union-eyes/db/migrations/20260325_dapl_platform_ledger.sql|apps/union-eyes/db/migrations-audit/0000_familiar_silhouette.sql|apps/union-eyes/db/migrations-audit/finance-tables.sql|migrations/finance-platform-billing-tables.sql
billing_subscriptions,UNKNOWN,,PROJECTED_OR_RUNTIME_USED_WITHOUT_CREATION_LINEAGE,,false,tenant,SELECT,true,true,1,0,PROJECTED_OR_RUNTIME_USED_WITHOUT_CREATION_LINEAGE,UNRESOLVED,A,domains/finance/platform-billing,domains/finance/platform-billing.billingSubscriptions,,
board_packet_distributions,DJANGO_OWNED,apps/union-eyes/backend/content/migrations/0001_initial.py,DJANGO_MIGRATIONS,10,false,tenant,SELECT|INSERT|UPDATE,true,true,0,1,DJANGO_CANONICAL_LINEAGE,REQUIRED,,board-packet-schema,board-packet-schema.boardPacketDistributions,apps/union-eyes/backend/content/models.py,apps/union-eyes/backend/content/migrations/0001_initial.py|apps/union-eyes/db/migrations-audit/0001_silky_elektra.sql
board_packets,DJANGO_OWNED,apps/union-eyes/backend/content/migrations/0001_initial.py,DJANGO_MIGRATIONS,10,false,tenant,SELECT|INSERT|UPDATE,true,true,4,3,DJANGO_CANONICAL_LINEAGE,REQUIRED,,board-packet-schema,board-packet-schema.boardPackets,apps/union-eyes/backend/content/models.py,apps/union-eyes/backend/content/migrations/0001_initial.py|apps/union-eyes/db/migrations-audit/0001_silky_elektra.sql
break_policies,UNKNOWN,,PROJECTED_OR_RUNTIME_USED_WITHOUT_CREATION_LINEAGE,,false,tenant,SELECT|INSERT|UPDATE|DELETE,true,false,0,0,PROJECTED_OR_RUNTIME_USED_WITHOUT_CREATION_LINEAGE,UNRESOLVED,A,domains/member/member-breaks,domains/member/member-breaks.breakPolicies,,
budget_pool,DJANGO_OWNED,apps/union-eyes/backend/unions/migrations/0001_initial.py,DJANGO_MIGRATIONS,10,false,tenant,SELECT,true,true,2,0,DJANGO_CANONICAL_LINEAGE,REQUIRED,,award-templates-schema,award-templates-schema.budgetPool|domains/infrastructure/awards.budgetPool,apps/union-eyes/backend/unions/models.py,apps/union-eyes/backend/unions/migrations/0001_initial.py|apps/union-eyes/db/migrations/20260507_fixup_pre_0008_missing_tables.sql|apps/union-eyes/db/migrations-audit/0000_familiar_silhouette.sql
calendar_events,DJANGO_OWNED,apps/union-eyes/backend/unions/migrations/0001_initial.py,DJANGO_MIGRATIONS,10,false,tenant,SELECT|INSERT|UPDATE|DELETE,true,true,6,5,DJANGO_CANONICAL_LINEAGE,REQUIRED,,calendar-schema,calendar-schema.calendarEvents|domains/scheduling/calendar.calendarEvents,apps/union-eyes/backend/unions/models.py,apps/union-eyes/backend/unions/migrations/0001_initial.py|apps/union-eyes/db/migrations/0000_flippant_luke_cage.sql|apps/union-eyes/db/migrations/0001_phase5b_inter_union_features.sql|apps/union-eyes/db/migrations/20260324_add_remaining_missing_tables.sql|apps/union-eyes/db/migrations-audit/0000_familiar_silhouette.sql|apps/union-eyes/services/financial-service/drizzle/0000_lucky_mole_man.sql
calendars,DJANGO_OWNED,apps/union-eyes/backend/unions/migrations/0001_initial.py,DJANGO_MIGRATIONS,10,false,tenant,SELECT|INSERT|UPDATE|DELETE,true,true,7,1,DJANGO_CANONICAL_LINEAGE,REQUIRED,,calendar-schema,calendar-schema.calendars|domains/scheduling/calendar.calendars,apps/union-eyes/backend/unions/models.py,apps/union-eyes/backend/unions/migrations/0001_initial.py|apps/union-eyes/db/migrations/0000_flippant_luke_cage.sql|apps/union-eyes/db/migrations/0001_phase5b_inter_union_features.sql|apps/union-eyes/db/migrations/20260324_add_remaining_missing_tables.sql|apps/union-eyes/db/migrations-audit/0000_familiar_silhouette.sql|apps/union-eyes/services/financial-service/drizzle/0000_lucky_mole_man.sql
campaigns,DJANGO_OWNED,apps/union-eyes/backend/notifications/migrations/0001_initial.py,DJANGO_MIGRATIONS,10,false,mixed,SELECT|INSERT|UPDATE|DELETE,true,true,6,5,DJANGO_CANONICAL_LINEAGE,REQUIRED,,domains/communications/campaigns,domains/communications/campaigns.campaigns,apps/union-eyes/backend/notifications/models.py,apps/union-eyes/backend/notifications/migrations/0001_initial.py|apps/union-eyes/db/migrations-audit/0000_familiar_silhouette.sql
case_documents,PLATFORM_SQL_OWNED,apps/union-eyes/db/migrations/0098_predeployment_hardening.sql,UNION_EYES_LEGACY_SQL,20,false,tenant,SELECT,true,true,1,0,ACTIVE_SQL_PLATFORM_LINEAGE,REQUIRED,,documents-schema,documents-schema.caseDocuments,,apps/union-eyes/db/migrations/0098_predeployment_hardening.sql
case_studies,DJANGO_OWNED,apps/union-eyes/backend/content/migrations/0001_initial.py,DJANGO_MIGRATIONS,10,false,tenant,SELECT|INSERT|UPDATE|DELETE,false,true,1,0,DJANGO_CANONICAL_LINEAGE,REQUIRED,,domains/marketing,domains/marketing.caseStudies,apps/union-eyes/backend/content/models.py,apps/union-eyes/backend/content/migrations/0001_initial.py|apps/union-eyes/db/migrations-audit/0001_silky_elektra.sql
cba_clauses,DJANGO_OWNED,apps/union-eyes/backend/bargaining/migrations/0001_initial.py,DJANGO_MIGRATIONS,10,false,tenant,SELECT|INSERT|UPDATE|DELETE,true,true,5,3,DJANGO_CANONICAL_LINEAGE,REQUIRED,,cba-clauses-schema,cba-clauses-schema.cbaClause|domains/agreements/clauses.cbaClause,apps/union-eyes/backend/bargaining/models.py,apps/union-eyes/backend/bargaining/migrations/0001_initial.py|apps/union-eyes/db/migrations/20260507_fixup_create_break_glass_activations.sql|apps/union-eyes/db/migrations/manual/cba_intelligence_manual.sql|apps/union-eyes/db/migrations-audit/0000_familiar_silhouette.sql|apps/union-eyes/services/financial-service/drizzle/0000_lucky_mole_man.sql
cba_intel_agreements,PLATFORM_SQL_OWNED,apps/union-eyes/db/migrations/20260401_cba_intelligence_public_sources.sql,UNION_EYES_LEGACY_SQL,20,false,tenant,SELECT|INSERT|UPDATE,false,true,3,1,ACTIVE_SQL_PLATFORM_LINEAGE,REQUIRED,,domains/cba-intelligence/extraction,domains/cba-intelligence/extraction.cbaIntelAgreements,,apps/union-eyes/db/migrations/20260401_cba_intelligence_public_sources.sql
cba_intel_benchmark_snapshots,PLATFORM_SQL_OWNED,apps/union-eyes/db/migrations/20260401_cba_intelligence_public_sources.sql,UNION_EYES_LEGACY_SQL,20,false,tenant,SELECT|INSERT,false,true,1,1,ACTIVE_SQL_PLATFORM_LINEAGE,REQUIRED,,domains/cba-intelligence/benchmarks,domains/cba-intelligence/benchmarks.cbaIntelBenchmarkSnapshots,,apps/union-eyes/db/migrations/20260401_cba_intelligence_public_sources.sql
cba_intel_clauses,PLATFORM_SQL_OWNED,apps/union-eyes/db/migrations/20260401_cba_intelligence_public_sources.sql,UNION_EYES_LEGACY_SQL,20,false,tenant,SELECT|INSERT|UPDATE,false,true,3,1,ACTIVE_SQL_PLATFORM_LINEAGE,REQUIRED,,domains/cba-intelligence/extraction,domains/cba-intelligence/extraction.cbaIntelClauses,,apps/union-eyes/db/migrations/20260401_cba_intelligence_public_sources.sql
cba_intel_documents,PLATFORM_SQL_OWNED,apps/union-eyes/db/migrations/20260401_cba_intelligence_public_sources.sql,UNION_EYES_LEGACY_SQL,20,false,tenant,SELECT|INSERT|UPDATE,false,true,3,1,ACTIVE_SQL_PLATFORM_LINEAGE,REQUIRED,,domains/cba-intelligence/documents,domains/cba-intelligence/documents.cbaIntelDocuments,,apps/union-eyes/db/migrations/20260401_cba_intelligence_public_sources.sql
cba_intel_extraction_runs,PLATFORM_SQL_OWNED,apps/union-eyes/db/migrations/20260401_cba_intelligence_public_sources.sql,UNION_EYES_LEGACY_SQL,20,false,tenant,SELECT|INSERT|UPDATE,false,true,1,1,ACTIVE_SQL_PLATFORM_LINEAGE,REQUIRED,,domains/cba-intelligence/extraction,domains/cba-intelligence/extraction.cbaIntelExtractionRuns,,apps/union-eyes/db/migrations/20260401_cba_intelligence_public_sources.sql
cba_intel_findings,PLATFORM_SQL_OWNED,apps/union-eyes/db/migrations/20260401_cba_intelligence_public_sources.sql,UNION_EYES_LEGACY_SQL,20,false,tenant,SELECT|INSERT|UPDATE,false,true,2,1,ACTIVE_SQL_PLATFORM_LINEAGE,REQUIRED,,domains/cba-intelligence/extraction,domains/cba-intelligence/extraction.cbaIntelFindings,,apps/union-eyes/db/migrations/20260401_cba_intelligence_public_sources.sql
cba_intel_ingestion_jobs,PLATFORM_SQL_OWNED,apps/union-eyes/db/migrations/20260401_cba_intelligence_public_sources.sql,UNION_EYES_LEGACY_SQL,20,false,tenant,SELECT|INSERT|UPDATE,false,true,2,1,ACTIVE_SQL_PLATFORM_LINEAGE,REQUIRED,,domains/cba-intelligence/ingestion,domains/cba-intelligence/ingestion.cbaIntelIngestionJobs,,apps/union-eyes/db/migrations/20260401_cba_intelligence_public_sources.sql
cba_intel_review_decisions,PLATFORM_SQL_OWNED,apps/union-eyes/db/migrations/20260401_cba_intelligence_public_sources.sql,UNION_EYES_LEGACY_SQL,20,false,tenant,SELECT|INSERT,false,true,1,1,ACTIVE_SQL_PLATFORM_LINEAGE,REQUIRED,,domains/cba-intelligence/review,domains/cba-intelligence/review.cbaIntelReviewDecisions,,apps/union-eyes/db/migrations/20260401_cba_intelligence_public_sources.sql
cba_intel_sources,PLATFORM_SQL_OWNED,apps/union-eyes/db/migrations/20260401_cba_intelligence_public_sources.sql,UNION_EYES_LEGACY_SQL,20,false,tenant,SELECT|INSERT|UPDATE,false,true,4,2,ACTIVE_SQL_PLATFORM_LINEAGE,REQUIRED,,domains/cba-intelligence/source-registry,domains/cba-intelligence/source-registry.cbaIntelSources,,apps/union-eyes/db/migrations/20260401_cba_intelligence_public_sources.sql
cba_intel_wage_adjustments,PLATFORM_SQL_OWNED,apps/union-eyes/db/migrations/20260401_cba_intelligence_public_sources.sql,UNION_EYES_LEGACY_SQL,20,false,tenant,SELECT|INSERT|UPDATE,false,true,3,1,ACTIVE_SQL_PLATFORM_LINEAGE,REQUIRED,,domains/cba-intelligence/extraction,domains/cba-intelligence/extraction.cbaIntelWageAdjustments,,apps/union-eyes/db/migrations/20260401_cba_intelligence_public_sources.sql
cba_rule_set_items,UNKNOWN,,PROJECTED_OR_RUNTIME_USED_WITHOUT_CREATION_LINEAGE,,false,tenant,SELECT,true,true,3,0,PROJECTED_OR_RUNTIME_USED_WITHOUT_CREATION_LINEAGE,UNRESOLVED,A,domains/employer-execution/employer-execution-core,domains/employer-execution/employer-execution-core.cbaRuleSetItems,,
cba_rule_versions,UNKNOWN,,PROJECTED_OR_RUNTIME_USED_WITHOUT_CREATION_LINEAGE,,false,tenant,SELECT,true,true,5,0,PROJECTED_OR_RUNTIME_USED_WITHOUT_CREATION_LINEAGE,UNRESOLVED,A,domains/employer-execution/employer-execution-core,domains/employer-execution/employer-execution-core.cbaRuleVersions,,
chargeback_statements,PLATFORM_SQL_OWNED,apps/union-eyes/db/migrations/20260325_dapl_platform_ledger.sql,UNION_EYES_LEGACY_SQL,20,false,tenant,SELECT,true,true,2,1,ACTIVE_SQL_PLATFORM_LINEAGE,REQUIRED,,domains/finance/allocation,domains/finance/allocation.chargebackStatements,,apps/union-eyes/db/migrations/20260325_dapl_platform_ledger.sql|apps/union-eyes/db/migrations-audit/0000_familiar_silhouette.sql|apps/union-eyes/db/migrations-audit/finance-tables.sql|migrations/finance-platform-billing-tables.sql
chart_of_accounts,DJANGO_OWNED,apps/union-eyes/backend/billing/migrations/0001_initial.py,DJANGO_MIGRATIONS,10,false,tenant,SELECT|INSERT|UPDATE|DELETE,true,true,4,0,DJANGO_CANONICAL_LINEAGE,REQUIRED,,clc-sync-audit-schema,clc-sync-audit-schema.chartOfAccounts|domains/finance/accounting.chartOfAccounts|domains/financial/chart-of-accounts.chartOfAccounts|domains/infrastructure/clc-audit.chartOfAccounts|domains/infrastructure/erp.chartOfAccounts,apps/union-eyes/backend/billing/models.py,apps/union-eyes/backend/billing/migrations/0001_initial.py|apps/union-eyes/db/migrations/0008_lean_mother_askani.sql|apps/union-eyes/db/migrations/0008_lean_mother_askani.sql|apps/union-eyes/db/migrations/0008_lean_mother_askani.sql|apps/union-eyes/db/migrations/0008_lean_mother_askani.sql|apps/union-eyes/db/migrations/0008_lean_mother_askani.sql|apps/union-eyes/db/migrations/0008_lean_mother_askani.sql|apps/union-eyes/db/migrations/0008_lean_mother_askani.sql|apps/union-eyes/db/migrations/0008_lean_mother_askani.sql|apps/union-eyes/db/migrations/0008_lean_mother_askani.sql|apps/union-eyes/db/migrations/0008_lean_mother_askani.sql|apps/union-eyes/db/migrations/0008_lean_mother_askani.sql|apps/union-eyes/db/migrations/0008_lean_mother_askani.sql|apps/union-eyes/db/migrations/0008_lean_mother_askani.sql|apps/union-eyes/db/migrations/0008_lean_mother_askani.sql|apps/union-eyes/db/migrations/0008_lean_mother_askani.sql|apps/union-eyes/db/migrations/0008_lean_mother_askani.sql|apps/union-eyes/db/migrations/0008_lean_mother_askani.sql|apps/union-eyes/db/migrations/0008_lean_mother_askani.sql|apps/union-eyes/db/migrations/0008_lean_mother_askani.sql|apps/union-eyes/db/migrations/0008_lean_mother_askani.sql|apps/union-eyes/db/migrations/0008_lean_mother_askani.sql|apps/union-eyes/db/migrations/0008_lean_mother_askani.sql|apps/union-eyes/db/migrations/0008_lean_mother_askani.sql|apps/union-eyes/db/migrations/0008_lean_mother_askani.sql|apps/union-eyes/db/migrations/0008_lean_mother_askani.sql|apps/union-eyes/db/migrations/0008_lean_mother_askani.sql|apps/union-eyes/db/migrations/0008_lean_mother_askani.sql|apps/union-eyes/db/migrations/0008_lean_mother_askani.sql|apps/union-eyes/db/migrations/0008_lean_mother_askani.sql|apps/union-eyes/db/migrations/1770880372830_consolidate_chart_of_accounts_fixed.sql|apps/union-eyes/db/migrations-audit/0000_familiar_silhouette.sql
chat_messages,DJANGO_OWNED,apps/union-eyes/backend/ai_core/migrations/0001_initial.py,DJANGO_MIGRATIONS,10,false,tenant,SELECT|INSERT,true,true,2,1,DJANGO_CANONICAL_LINEAGE,REQUIRED,,ai-chatbot-schema,ai-chatbot-schema.chatMessages|domains/ml/chatbot.chatMessages,apps/union-eyes/backend/ai_core/models.py,apps/union-eyes/backend/ai_core/migrations/0001_initial.py|apps/union-eyes/db/migrations/0006_flat_stepford_cuckoos.sql|apps/union-eyes/db/migrations-audit/0000_familiar_silhouette.sql
chat_sessions,DJANGO_OWNED,apps/union-eyes/backend/ai_core/migrations/0001_initial.py,DJANGO_MIGRATIONS,10,false,tenant,SELECT|INSERT|UPDATE,true,true,1,1,DJANGO_CANONICAL_LINEAGE,REQUIRED,,ai-chatbot-schema,ai-chatbot-schema.chatSessions|domains/ml/chatbot.chatSessions,apps/union-eyes/backend/ai_core/models.py,apps/union-eyes/backend/ai_core/migrations/0001_initial.py|apps/union-eyes/db/migrations/0006_flat_stepford_cuckoos.sql|apps/union-eyes/db/migrations/20260324_add_remaining_missing_tables.sql|apps/union-eyes/db/migrations-audit/0000_familiar_silhouette.sql
claim_deadlines,DJANGO_OWNED,apps/union-eyes/backend/grievances/migrations/0001_initial.py,DJANGO_MIGRATIONS,10,false,tenant,SELECT|INSERT|UPDATE|DELETE,true,true,2,0,DJANGO_CANONICAL_LINEAGE,REQUIRED,,deadlines-schema,deadlines-schema.deadlines|domains/claims/deadlines.deadlines,apps/union-eyes/backend/grievances/models.py,apps/union-eyes/backend/grievances/migrations/0001_initial.py|apps/union-eyes/db/migrations/0001_phase5b_inter_union_features.sql|apps/union-eyes/db/migrations/0083_data_source_tables.sql|apps/union-eyes/db/migrations-audit/0000_familiar_silhouette.sql|apps/union-eyes/services/financial-service/drizzle/0000_lucky_mole_man.sql
claim_updates,DJANGO_OWNED,apps/union-eyes/backend/grievances/migrations/0001_initial.py,DJANGO_MIGRATIONS,10,false,tenant,SELECT|INSERT,true,true,12,6,DJANGO_CANONICAL_LINEAGE,REQUIRED,,claims-schema,claims-schema.claimUpdates,apps/union-eyes/backend/grievances/models.py,apps/union-eyes/backend/grievances/migrations/0001_initial.py|apps/union-eyes/db/migrations/0000_flippant_luke_cage.sql|apps/union-eyes/db/migrations/0001_phase5b_inter_union_features.sql|apps/union-eyes/db/migrations/20260508_fixup_post_0019_align_modern_schema.sql|apps/union-eyes/db/migrations-audit/0000_familiar_silhouette.sql|tooling/sql/union-eyes-qa-baseline.sql|apps/union-eyes/services/financial-service/drizzle/0000_lucky_mole_man.sql
claims,DJANGO_OWNED,apps/union-eyes/backend/grievances/migrations/0001_initial.py,DJANGO_MIGRATIONS,10,false,tenant,SELECT|INSERT|UPDATE|DELETE,true,true,44,16,DJANGO_CANONICAL_LINEAGE,REQUIRED,,claims-schema,claims-schema.claims,apps/union-eyes/backend/grievances/models.py,apps/union-eyes/backend/grievances/migrations/0001_initial.py|apps/union-eyes/db/migrations/0000_flippant_luke_cage.sql|apps/union-eyes/db/migrations/0001_phase5b_inter_union_features.sql|apps/union-eyes/db/migrations/0083_data_source_tables.sql|apps/union-eyes/db/migrations/20260508_fixup_post_0019_align_modern_schema.sql|apps/union-eyes/db/migrations-audit/0000_familiar_silhouette.sql|tooling/sql/union-eyes-qa-baseline.sql|apps/union-eyes/services/financial-service/drizzle/0000_lucky_mole_man.sql
clause_comparisons,DJANGO_OWNED,apps/union-eyes/backend/bargaining/migrations/0001_initial.py,DJANGO_MIGRATIONS,10,false,tenant,INSERT,true,true,0,1,DJANGO_CANONICAL_LINEAGE,REQUIRED,,cba-clauses-schema,cba-clauses-schema.clauseComparisons|domains/agreements/clauses.clauseComparisons,apps/union-eyes/backend/bargaining/models.py,apps/union-eyes/backend/bargaining/migrations/0001_initial.py|apps/union-eyes/db/migrations/20260507_fixup_create_break_glass_activations.sql|apps/union-eyes/db/migrations/manual/cba_intelligence_manual.sql|apps/union-eyes/db/migrations-audit/0000_familiar_silhouette.sql|apps/union-eyes/services/financial-service/drizzle/0000_lucky_mole_man.sql
clause_embeddings,PLATFORM_SQL_OWNED,apps/union-eyes/db/migrations-audit/0000_familiar_silhouette.sql,UNION_EYES_AUDIT_SQL,40,false,tenant,SELECT,true,true,1,0,OTHER_GOVERNED_LINEAGE,REQUIRED,,domains/agreements/clause-embeddings,domains/agreements/clause-embeddings.clauseEmbeddings,,apps/union-eyes/db/migrations-audit/0000_familiar_silhouette.sql
clause_library_tags,DJANGO_OWNED,apps/union-eyes/backend/bargaining/migrations/0001_initial.py,DJANGO_MIGRATIONS,10,false,tenant,SELECT|INSERT|DELETE,true,true,3,1,DJANGO_CANONICAL_LINEAGE,REQUIRED,,domains/agreements/shared-library,domains/agreements/shared-library.clauseLibraryTags|shared-clause-library-schema.clauseLibraryTags,apps/union-eyes/backend/bargaining/models.py,apps/union-eyes/backend/bargaining/migrations/0001_initial.py|apps/union-eyes/db/migrations/0001_phase5b_inter_union_features.sql|apps/union-eyes/db/migrations-audit/0000_familiar_silhouette.sql|apps/union-eyes/services/financial-service/drizzle/0000_lucky_mole_man.sql
clc_remittance_mapping,DJANGO_OWNED,apps/union-eyes/backend/billing/migrations/0001_initial.py,DJANGO_MIGRATIONS,10,false,tenant,SELECT|INSERT|UPDATE|DELETE,true,false,0,0,DJANGO_CANONICAL_LINEAGE,REQUIRED,,clc-sync-schema,clc-sync-schema.clcRemittanceMapping|domains/infrastructure/clc-sync.clcRemittanceMapping,apps/union-eyes/backend/billing/models.py,apps/union-eyes/backend/billing/migrations/0001_initial.py|apps/union-eyes/db/migrations/0008_lean_mother_askani.sql|apps/union-eyes/db/migrations/0008_lean_mother_askani.sql|apps/union-eyes/db/migrations/0008_lean_mother_askani.sql|apps/union-eyes/db/migrations/0008_lean_mother_askani.sql|apps/union-eyes/db/migrations/0008_lean_mother_askani.sql|apps/union-eyes/db/migrations/0008_lean_mother_askani.sql|apps/union-eyes/db/migrations/0008_lean_mother_askani.sql|apps/union-eyes/db/migrations/0008_lean_mother_askani.sql|apps/union-eyes/db/migrations/0008_lean_mother_askani.sql|apps/union-eyes/db/migrations/0008_lean_mother_askani.sql|apps/union-eyes/db/migrations/0008_lean_mother_askani.sql|apps/union-eyes/db/migrations/0008_lean_mother_askani.sql|apps/union-eyes/db/migrations/0008_lean_mother_askani.sql|apps/union-eyes/db/migrations/0008_lean_mother_askani.sql|apps/union-eyes/db/migrations/0008_lean_mother_askani.sql|apps/union-eyes/db/migrations/0008_lean_mother_askani.sql|apps/union-eyes/db/migrations/0008_lean_mother_askani.sql|apps/union-eyes/db/migrations/0008_lean_mother_askani.sql|apps/union-eyes/db/migrations/0008_lean_mother_askani.sql|apps/union-eyes/db/migrations/0008_lean_mother_askani.sql|apps/union-eyes/db/migrations/0008_lean_mother_askani.sql|apps/union-eyes/db/migrations/0008_lean_mother_askani.sql|apps/union-eyes/db/migrations/0008_lean_mother_askani.sql|apps/union-eyes/db/migrations/0008_lean_mother_askani.sql|apps/union-eyes/db/migrations/0008_lean_mother_askani.sql|apps/union-eyes/db/migrations/0008_lean_mother_askani.sql|apps/union-eyes/db/migrations/0008_lean_mother_askani.sql|apps/union-eyes/db/migrations/0008_lean_mother_askani.sql|apps/union-eyes/db/migrations/0008_lean_mother_askani.sql|apps/union-eyes/db/migrations-audit/0000_familiar_silhouette.sql
clc_sync_log,DJANGO_OWNED,apps/union-eyes/backend/billing/migrations/0001_initial.py,DJANGO_MIGRATIONS,10,false,tenant,SELECT|INSERT,true,true,1,1,DJANGO_CANONICAL_LINEAGE,REQUIRED,,clc-partnership-schema,clc-partnership-schema.clcSyncLog|clc-per-capita-schema.clcSyncLog|clc-sync-schema.clcSyncLog|domains/infrastructure/clc-partnership.clcSyncLog|domains/infrastructure/clc-per-capita.clcSyncLog|domains/infrastructure/clc-sync.clcSyncLog,apps/union-eyes/backend/billing/models.py,apps/union-eyes/backend/billing/migrations/0001_initial.py|apps/union-eyes/db/migrations/0002_true_selene.sql|apps/union-eyes/db/migrations-audit/0000_familiar_silhouette.sql
cms_media_library,DJANGO_OWNED,apps/union-eyes/backend/content/migrations/0001_initial.py,DJANGO_MIGRATIONS,10,false,tenant,SELECT|INSERT|UPDATE|DELETE,true,false,0,0,DJANGO_CANONICAL_LINEAGE,REQUIRED,,cms-website-schema,cms-website-schema.cmsMediaLibrary|domains/infrastructure/cms.cmsMediaLibrary,apps/union-eyes/backend/content/models.py,apps/union-eyes/backend/content/migrations/0001_initial.py|apps/union-eyes/db/migrations/0008_lean_mother_askani.sql|apps/union-eyes/db/migrations/0008_lean_mother_askani.sql|apps/union-eyes/db/migrations/0008_lean_mother_askani.sql|apps/union-eyes/db/migrations/0008_lean_mother_askani.sql|apps/union-eyes/db/migrations/0008_lean_mother_askani.sql|apps/union-eyes/db/migrations/0008_lean_mother_askani.sql|apps/union-eyes/db/migrations/0008_lean_mother_askani.sql|apps/union-eyes/db/migrations/0008_lean_mother_askani.sql|apps/union-eyes/db/migrations/0008_lean_mother_askani.sql|apps/union-eyes/db/migrations/0008_lean_mother_askani.sql|apps/union-eyes/db/migrations/0008_lean_mother_askani.sql|apps/union-eyes/db/migrations/0008_lean_mother_askani.sql|apps/union-eyes/db/migrations/0008_lean_mother_askani.sql|apps/union-eyes/db/migrations/0008_lean_mother_askani.sql|apps/union-eyes/db/migrations/0008_lean_mother_askani.sql|apps/union-eyes/db/migrations/0008_lean_mother_askani.sql|apps/union-eyes/db/migrations/0008_lean_mother_askani.sql|apps/union-eyes/db/migrations/0008_lean_mother_askani.sql|apps/union-eyes/db/migrations/0008_lean_mother_askani.sql|apps/union-eyes/db/migrations/0008_lean_mother_askani.sql|apps/union-eyes/db/migrations/0008_lean_mother_askani.sql|apps/union-eyes/db/migrations/0008_lean_mother_askani.sql|apps/union-eyes/db/migrations/0008_lean_mother_askani.sql|apps/union-eyes/db/migrations/0008_lean_mother_askani.sql|apps/union-eyes/db/migrations/0008_lean_mother_askani.sql|apps/union-eyes/db/migrations/0008_lean_mother_askani.sql|apps/union-eyes/db/migrations/0008_lean_mother_askani.sql|apps/union-eyes/db/migrations/0008_lean_mother_askani.sql|apps/union-eyes/db/migrations/0008_lean_mother_askani.sql|apps/union-eyes/db/migrations-audit/0000_familiar_silhouette.sql
cms_pages,DJANGO_OWNED,apps/union-eyes/backend/content/migrations/0001_initial.py,DJANGO_MIGRATIONS,10,false,tenant,SELECT|INSERT|UPDATE|DELETE,true,true,5,1,DJANGO_CANONICAL_LINEAGE,REQUIRED,,cms-website-schema,cms-website-schema.cmsPages|domains/infrastructure/cms.cmsPages,apps/union-eyes/backend/content/models.py,apps/union-eyes/backend/content/migrations/0001_initial.py|apps/union-eyes/db/migrations/0008_lean_mother_askani.sql|apps/union-eyes/db/migrations/0008_lean_mother_askani.sql|apps/union-eyes/db/migrations/0008_lean_mother_askani.sql|apps/union-eyes/db/migrations/0008_lean_mother_askani.sql|apps/union-eyes/db/migrations/0008_lean_mother_askani.sql|apps/union-eyes/db/migrations/0008_lean_mother_askani.sql|apps/union-eyes/db/migrations/0008_lean_mother_askani.sql|apps/union-eyes/db/migrations/0008_lean_mother_askani.sql|apps/union-eyes/db/migrations/0008_lean_mother_askani.sql|apps/union-eyes/db/migrations/0008_lean_mother_askani.sql|apps/union-eyes/db/migrations/0008_lean_mother_askani.sql|apps/union-eyes/db/migrations/0008_lean_mother_askani.sql|apps/union-eyes/db/migrations/0008_lean_mother_askani.sql|apps/union-eyes/db/migrations/0008_lean_mother_askani.sql|apps/union-eyes/db/migrations/0008_lean_mother_askani.sql|apps/union-eyes/db/migrations/0008_lean_mother_askani.sql|apps/union-eyes/db/migrations/0008_lean_mother_askani.sql|apps/union-eyes/db/migrations/0008_lean_mother_askani.sql|apps/union-eyes/db/migrations/0008_lean_mother_askani.sql|apps/union-eyes/db/migrations/0008_lean_mother_askani.sql|apps/union-eyes/db/migrations/0008_lean_mother_askani.sql|apps/union-eyes/db/migrations/0008_lean_mother_askani.sql|apps/union-eyes/db/migrations/0008_lean_mother_askani.sql|apps/union-eyes/db/migrations/0008_lean_mother_askani.sql|apps/union-eyes/db/migrations/0008_lean_mother_askani.sql|apps/union-eyes/db/migrations/0008_lean_mother_askani.sql|apps/union-eyes/db/migrations/0008_lean_mother_askani.sql|apps/union-eyes/db/migrations/0008_lean_mother_askani.sql|apps/union-eyes/db/migrations/0008_lean_mother_askani.sql|apps/union-eyes/db/migrations-audit/0000_familiar_silhouette.sql
cnesst_filings,UNKNOWN,,PROJECTED_OR_RUNTIME_USED_WITHOUT_CREATION_LINEAGE,,false,tenant,SELECT|INSERT|UPDATE|DELETE,true,false,0,0,PROJECTED_OR_RUNTIME_USED_WITHOUT_CREATION_LINEAGE,UNRESOLVED,F,domains/health-safety/cnesst-schema,domains/health-safety/cnesst-schema.cneesstFilings,,
collective_agreements,DJANGO_OWNED,apps/union-eyes/backend/bargaining/migrations/0001_initial.py,DJANGO_MIGRATIONS,10,false,mixed,SELECT|INSERT|UPDATE|DELETE,true,true,11,3,DJANGO_CANONICAL_LINEAGE,REQUIRED,,collective-agreements-schema,collective-agreements-schema.collectiveAgreements|domains/agreements/collective-agreements.collectiveAgreements,apps/union-eyes/backend/bargaining/models.py,apps/union-eyes/backend/bargaining/migrations/0001_initial.py|apps/union-eyes/db/migrations/20260507_fixup_create_break_glass_activations.sql|apps/union-eyes/db/migrations/manual/cba_intelligence_manual.sql|apps/union-eyes/db/migrations-audit/0000_familiar_silhouette.sql|apps/union-eyes/services/financial-service/drizzle/0000_lucky_mole_man.sql
commercial_contracts,PLATFORM_SQL_OWNED,apps/union-eyes/db/migrations/0085_monetization_infrastructure_layer.sql,UNION_EYES_LEGACY_SQL,20,false,mixed,SELECT|INSERT|UPDATE,true,true,5,2,ACTIVE_SQL_PLATFORM_LINEAGE,REQUIRED,,domains/finance/contracts,domains/finance/contracts.commercialContracts,,apps/union-eyes/db/migrations/0085_monetization_infrastructure_layer.sql
committee_action_items,PLATFORM_SQL_OWNED,apps/union-eyes/db/migrations/0096_add_missing_ue_required_tables.sql,UNION_EYES_LEGACY_SQL,20,false,tenant,SELECT|INSERT|UPDATE,true,true,1,1,ACTIVE_SQL_PLATFORM_LINEAGE,REQUIRED,,committee-workspace-schema,committee-workspace-schema.committeeActionItems,,apps/union-eyes/db/migrations/0096_add_missing_ue_required_tables.sql|migrations/20260715_committee_workspace.sql
committee_documents,PLATFORM_SQL_OWNED,apps/union-eyes/db/migrations/0096_add_missing_ue_required_tables.sql,UNION_EYES_LEGACY_SQL,20,false,tenant,SELECT|INSERT|DELETE,true,true,1,1,ACTIVE_SQL_PLATFORM_LINEAGE,REQUIRED,,committee-workspace-schema,committee-workspace-schema.committeeDocuments,,apps/union-eyes/db/migrations/0096_add_missing_ue_required_tables.sql|migrations/20260715_committee_workspace.sql
committee_intelligence_snapshots,PLATFORM_SQL_OWNED,apps/union-eyes/db/migrations/0096_add_missing_ue_required_tables.sql,UNION_EYES_LEGACY_SQL,20,false,tenant,SELECT|INSERT,true,true,1,1,ACTIVE_SQL_PLATFORM_LINEAGE,REQUIRED,,committee-workspace-schema,committee-workspace-schema.committeeIntelligenceSnapshots,,apps/union-eyes/db/migrations/0096_add_missing_ue_required_tables.sql|migrations/20260715_committee_workspace.sql
committee_meeting_attendees,PLATFORM_SQL_OWNED,apps/union-eyes/db/migrations/0096_add_missing_ue_required_tables.sql,UNION_EYES_LEGACY_SQL,20,false,tenant,SELECT|INSERT|UPDATE,true,true,1,1,ACTIVE_SQL_PLATFORM_LINEAGE,REQUIRED,,committee-workspace-schema,committee-workspace-schema.committeeMeetingAttendees,,apps/union-eyes/db/migrations/0096_add_missing_ue_required_tables.sql|migrations/20260715_committee_workspace.sql
committee_meetings,PLATFORM_SQL_OWNED,apps/union-eyes/db/migrations/0096_add_missing_ue_required_tables.sql,UNION_EYES_LEGACY_SQL,20,false,tenant,SELECT|INSERT|UPDATE,true,true,1,1,ACTIVE_SQL_PLATFORM_LINEAGE,REQUIRED,,committee-workspace-schema,committee-workspace-schema.committeeMeetings,,apps/union-eyes/db/migrations/0096_add_missing_ue_required_tables.sql|migrations/20260715_committee_workspace.sql
committees,DJANGO_OWNED,apps/union-eyes/backend/unions/migrations/0001_initial.py,DJANGO_MIGRATIONS,10,false,tenant,SELECT|INSERT|UPDATE|DELETE,true,false,0,0,DJANGO_CANONICAL_LINEAGE,REQUIRED,,union-structure-schema,union-structure-schema.committees,apps/union-eyes/backend/unions/models.py,apps/union-eyes/backend/unions/migrations/0001_initial.py|apps/union-eyes/db/migrations/0019_lonely_stephen_strange.sql|apps/union-eyes/db/migrations/20260324_add_remaining_missing_tables.sql|apps/union-eyes/db/migrations-audit/0000_familiar_silhouette.sql
communication_preferences,DJANGO_OWNED,apps/union-eyes/backend/notifications/migrations/0001_initial.py,DJANGO_MIGRATIONS,10,false,mixed,SELECT|INSERT|UPDATE|DELETE,true,true,2,2,DJANGO_CANONICAL_LINEAGE,REQUIRED,,communication-analytics-schema,communication-analytics-schema.communicationPreferences|domains/communications/analytics.communicationPreferences|domains/communications/campaigns.communicationPreferences,apps/union-eyes/backend/notifications/models.py,apps/union-eyes/backend/notifications/migrations/0001_initial.py|apps/union-eyes/db/migrations/20260507_fixup_create_break_glass_activations.sql|apps/union-eyes/db/migrations-audit/0000_familiar_silhouette.sql
compliance_alerts,PLATFORM_SQL_OWNED,apps/union-eyes/db/migrations-audit/0000_familiar_silhouette.sql,UNION_EYES_AUDIT_SQL,40,false,tenant,SELECT,true,true,4,0,OTHER_GOVERNED_LINEAGE,REQUIRED,,domains/compliance/employer-compliance,domains/compliance/employer-compliance.complianceAlerts,,apps/union-eyes/db/migrations-audit/0000_familiar_silhouette.sql|scripts/create-compliance-tables.sql|scripts/stub-migration.sql
compliance_snapshots,DJANGO_OWNED,apps/union-eyes/backend/services/migrations/0001_enterprise_hardening.py,DJANGO_MIGRATIONS,10,false,tenant,SELECT|INSERT,true,false,0,0,DJANGO_CANONICAL_LINEAGE,EXCLUDED_BY_SCOPE_DISPOSITION,,undeclared,,apps/union-eyes/backend/services/compliance_snapshot/models.py,apps/union-eyes/backend/services/migrations/0001_enterprise_hardening.py
congress_memberships,DJANGO_OWNED,apps/union-eyes/backend/unions/migrations/0001_initial.py,DJANGO_MIGRATIONS,10,false,tenant,SELECT,true,true,2,0,DJANGO_CANONICAL_LINEAGE,REQUIRED,,congress-memberships-schema,congress-memberships-schema.congressMemberships|domains/data/congress.congressMemberships,apps/union-eyes/backend/unions/models.py,apps/union-eyes/backend/unions/migrations/0001_initial.py|apps/union-eyes/db/migrations/0008_lean_mother_askani.sql|apps/union-eyes/db/migrations/0008_lean_mother_askani.sql|apps/union-eyes/db/migrations/0008_lean_mother_askani.sql|apps/union-eyes/db/migrations/0008_lean_mother_askani.sql|apps/union-eyes/db/migrations/0008_lean_mother_askani.sql|apps/union-eyes/db/migrations/0008_lean_mother_askani.sql|apps/union-eyes/db/migrations/0008_lean_mother_askani.sql|apps/union-eyes/db/migrations/0008_lean_mother_askani.sql|apps/union-eyes/db/migrations/0008_lean_mother_askani.sql|apps/union-eyes/db/migrations/0008_lean_mother_askani.sql|apps/union-eyes/db/migrations/0008_lean_mother_askani.sql|apps/union-eyes/db/migrations/0008_lean_mother_askani.sql|apps/union-eyes/db/migrations/0008_lean_mother_askani.sql|apps/union-eyes/db/migrations/0008_lean_mother_askani.sql|apps/union-eyes/db/migrations/0008_lean_mother_askani.sql|apps/union-eyes/db/migrations/0008_lean_mother_askani.sql|apps/union-eyes/db/migrations/0008_lean_mother_askani.sql|apps/union-eyes/db/migrations/0008_lean_mother_askani.sql|apps/union-eyes/db/migrations/0008_lean_mother_askani.sql|apps/union-eyes/db/migrations/0008_lean_mother_askani.sql|apps/union-eyes/db/migrations/0008_lean_mother_askani.sql|apps/union-eyes/db/migrations/0008_lean_mother_askani.sql|apps/union-eyes/db/migrations/0008_lean_mother_askani.sql|apps/union-eyes/db/migrations/0008_lean_mother_askani.sql|apps/union-eyes/db/migrations/0008_lean_mother_askani.sql|apps/union-eyes/db/migrations/0008_lean_mother_askani.sql|apps/union-eyes/db/migrations/0008_lean_mother_askani.sql|apps/union-eyes/db/migrations/0008_lean_mother_askani.sql|apps/union-eyes/db/migrations/0008_lean_mother_askani.sql|apps/union-eyes/db/migrations/0067_add_congress_memberships.sql|apps/union-eyes/db/migrations-audit/0000_familiar_silhouette.sql
consent_records,DJANGO_OWNED,apps/union-eyes/backend/compliance/migrations/0001_initial.py,DJANGO_MIGRATIONS,10,false,mixed,SELECT|INSERT,true,true,0,1,DJANGO_CANONICAL_LINEAGE,REQUIRED,,data-governance-schema,data-governance-schema.consentRecords|domains/communications/campaigns.consentRecords,apps/union-eyes/backend/compliance/models.py,apps/union-eyes/backend/compliance/migrations/0001_initial.py|apps/union-eyes/db/migrations-audit/0000_familiar_silhouette.sql
contract_covered_orgs,PLATFORM_SQL_OWNED,apps/union-eyes/db/migrations/0086_monetization_phase2.sql,UNION_EYES_LEGACY_SQL,20,false,tenant,SELECT|INSERT,true,true,1,0,ACTIVE_SQL_PLATFORM_LINEAGE,REQUIRED,,domains/finance/contract-amendments,domains/finance/contract-amendments.contractCoveredOrgs,,apps/union-eyes/db/migrations/0086_monetization_phase2.sql
contract_line_items,PLATFORM_SQL_OWNED,apps/union-eyes/db/migrations/0085_monetization_infrastructure_layer.sql,UNION_EYES_LEGACY_SQL,20,false,tenant,SELECT|INSERT,true,true,2,1,ACTIVE_SQL_PLATFORM_LINEAGE,REQUIRED,,domains/finance/contracts,domains/finance/contracts.contractLineItems,,apps/union-eyes/db/migrations/0085_monetization_infrastructure_layer.sql
contribution_rates,DJANGO_OWNED,apps/union-eyes/backend/analytics/migrations/0001_initial.py,DJANGO_MIGRATIONS,10,false,tenant,SELECT,false,true,2,1,DJANGO_CANONICAL_LINEAGE,REQUIRED,,domains/data/benchmarks,domains/data/benchmarks.contributionRates|wage-benchmarks-schema.contributionRates,apps/union-eyes/backend/analytics/models.py,apps/union-eyes/backend/analytics/migrations/0001_initial.py|apps/union-eyes/db/migrations/0007_add_wage_benchmarks.sql|apps/union-eyes/db/migrations/0083_data_source_tables.sql|apps/union-eyes/db/migrations/20260507_fixup_pre_0008_missing_tables.sql|apps/union-eyes/db/migrations/manual/0062_add_wage_benchmarks_only.sql|apps/union-eyes/db/migrations-audit/0000_familiar_silhouette.sql
cookie_consents,DJANGO_OWNED,apps/union-eyes/backend/compliance/migrations/0001_initial.py,DJANGO_MIGRATIONS,10,false,tenant,SELECT|INSERT|UPDATE,true,true,1,1,DJANGO_CANONICAL_LINEAGE,REQUIRED,,domains/compliance/gdpr,domains/compliance/gdpr.cookieConsents|gdpr-compliance-schema.cookieConsents,apps/union-eyes/backend/compliance/models.py,apps/union-eyes/backend/compliance/migrations/0001_initial.py|apps/union-eyes/db/migrations/0006_flat_stepford_cuckoos.sql|apps/union-eyes/db/migrations-audit/0000_familiar_silhouette.sql
correspondence,PLATFORM_SQL_OWNED,apps/union-eyes/db/migrations/0105_correspondence_pipeline.sql,UNION_EYES_LEGACY_SQL,20,false,tenant,SELECT|INSERT|UPDATE|DELETE,true,true,1,1,ACTIVE_SQL_PLATFORM_LINEAGE,REQUIRED,,domains/documents/correspondence,domains/documents/correspondence.correspondence,,apps/union-eyes/db/migrations/0105_correspondence_pipeline.sql
correspondence_audit_trail,PLATFORM_SQL_OWNED,apps/union-eyes/db/migrations/0105_correspondence_pipeline.sql,UNION_EYES_LEGACY_SQL,20,false,tenant,SELECT|INSERT,true,true,1,1,ACTIVE_SQL_PLATFORM_LINEAGE,REQUIRED,,domains/documents/correspondence,domains/documents/correspondence.correspondenceAuditTrail,,apps/union-eyes/db/migrations/0105_correspondence_pipeline.sql
correspondence_recipients,PLATFORM_SQL_OWNED,apps/union-eyes/db/migrations/0105_correspondence_pipeline.sql,UNION_EYES_LEGACY_SQL,20,false,tenant,SELECT|INSERT,true,true,1,1,ACTIVE_SQL_PLATFORM_LINEAGE,REQUIRED,,domains/documents/correspondence,domains/documents/correspondence.correspondenceRecipients,,apps/union-eyes/db/migrations/0105_correspondence_pipeline.sql
cost_centers,DJANGO_OWNED,apps/union-eyes/backend/billing/migrations/0001_initial.py,DJANGO_MIGRATIONS,10,false,tenant,SELECT|INSERT|UPDATE|DELETE,true,true,1,0,DJANGO_CANONICAL_LINEAGE,REQUIRED,,domains/finance/accounting,domains/finance/accounting.costCenters,apps/union-eyes/backend/billing/models.py,apps/union-eyes/backend/billing/migrations/0001_initial.py|apps/union-eyes/db/migrations/0008_lean_mother_askani.sql|apps/union-eyes/db/migrations/0008_lean_mother_askani.sql|apps/union-eyes/db/migrations/0008_lean_mother_askani.sql|apps/union-eyes/db/migrations/0008_lean_mother_askani.sql|apps/union-eyes/db/migrations/0008_lean_mother_askani.sql|apps/union-eyes/db/migrations/0008_lean_mother_askani.sql|apps/union-eyes/db/migrations/0008_lean_mother_askani.sql|apps/union-eyes/db/migrations/0008_lean_mother_askani.sql|apps/union-eyes/db/migrations/0008_lean_mother_askani.sql|apps/union-eyes/db/migrations/0008_lean_mother_askani.sql|apps/union-eyes/db/migrations/0008_lean_mother_askani.sql|apps/union-eyes/db/migrations/0008_lean_mother_askani.sql|apps/union-eyes/db/migrations/0008_lean_mother_askani.sql|apps/union-eyes/db/migrations/0008_lean_mother_askani.sql|apps/union-eyes/db/migrations/0008_lean_mother_askani.sql|apps/union-eyes/db/migrations/0008_lean_mother_askani.sql|apps/union-eyes/db/migrations/0008_lean_mother_askani.sql|apps/union-eyes/db/migrations/0008_lean_mother_askani.sql|apps/union-eyes/db/migrations/0008_lean_mother_askani.sql|apps/union-eyes/db/migrations/0008_lean_mother_askani.sql|apps/union-eyes/db/migrations/0008_lean_mother_askani.sql|apps/union-eyes/db/migrations/0008_lean_mother_askani.sql|apps/union-eyes/db/migrations/0008_lean_mother_askani.sql|apps/union-eyes/db/migrations/0008_lean_mother_askani.sql|apps/union-eyes/db/migrations/0008_lean_mother_askani.sql|apps/union-eyes/db/migrations/0008_lean_mother_askani.sql|apps/union-eyes/db/migrations/0008_lean_mother_askani.sql|apps/union-eyes/db/migrations/0008_lean_mother_askani.sql|apps/union-eyes/db/migrations/0008_lean_mother_askani.sql|apps/union-eyes/db/migrations-audit/0000_familiar_silhouette.sql
course_registrations,DJANGO_OWNED,apps/union-eyes/backend/unions/migrations/0001_initial.py,DJANGO_MIGRATIONS,10,false,tenant,SELECT|INSERT,true,true,1,0,DJANGO_CANONICAL_LINEAGE,REQUIRED,,domains/scheduling/training,domains/scheduling/training.courseRegistrations|education-training-schema.courseRegistrations,apps/union-eyes/backend/unions/models.py,apps/union-eyes/backend/unions/migrations/0001_initial.py|apps/union-eyes/db/migrations/20260507_fixup_create_break_glass_activations.sql|apps/union-eyes/db/migrations-audit/0000_familiar_silhouette.sql|apps/union-eyes/services/financial-service/drizzle/0000_lucky_mole_man.sql
course_sessions,DJANGO_OWNED,apps/union-eyes/backend/unions/migrations/0001_initial.py,DJANGO_MIGRATIONS,10,false,tenant,SELECT|INSERT|UPDATE|DELETE,true,true,3,1,DJANGO_CANONICAL_LINEAGE,REQUIRED,,domains/scheduling/training,domains/scheduling/training.courseSessions|education-training-schema.courseSessions,apps/union-eyes/backend/unions/models.py,apps/union-eyes/backend/unions/migrations/0001_initial.py|apps/union-eyes/db/migrations/20260507_fixup_create_break_glass_activations.sql|apps/union-eyes/db/migrations-audit/0000_familiar_silhouette.sql|apps/union-eyes/services/financial-service/drizzle/0000_lucky_mole_man.sql
data_aggregation_consent,DJANGO_OWNED,apps/union-eyes/backend/content/migrations/0001_initial.py,DJANGO_MIGRATIONS,10,false,tenant,SELECT,true,true,3,1,DJANGO_CANONICAL_LINEAGE,REQUIRED,,domains/marketing,domains/marketing.dataAggregationConsent,apps/union-eyes/backend/content/models.py,apps/union-eyes/backend/content/migrations/0001_initial.py|apps/union-eyes/db/migrations-audit/0001_silky_elektra.sql
data_classification_policy,DJANGO_OWNED,apps/union-eyes/backend/compliance/migrations/0001_initial.py,DJANGO_MIGRATIONS,10,false,tenant,SELECT|INSERT,false,false,0,0,DJANGO_CANONICAL_LINEAGE,REQUIRED,,domains/compliance/employer-interference,domains/compliance/employer-interference.dataClassificationPolicy|employer-non-interference-schema.dataClassificationPolicy,apps/union-eyes/backend/compliance/models.py,apps/union-eyes/backend/compliance/migrations/0001_initial.py|apps/union-eyes/db/migrations/20260507_fixup_create_break_glass_activations.sql|apps/union-eyes/db/migrations-audit/0000_familiar_silhouette.sql
data_quality_warnings,PLATFORM_SQL_OWNED,apps/union-eyes/db/migrations/0104_dedup_and_quality_warnings.sql,UNION_EYES_LEGACY_SQL,20,false,tenant,SELECT,true,true,1,1,ACTIVE_SQL_PLATFORM_LINEAGE,REQUIRED,,ingestion-schema,ingestion-schema.dataQualityWarnings,,apps/union-eyes/db/migrations/0104_dedup_and_quality_warnings.sql
data_subject_access_requests,DJANGO_OWNED,apps/union-eyes/backend/compliance/migrations/0001_initial.py,DJANGO_MIGRATIONS,10,false,mixed,SELECT|INSERT|UPDATE,true,true,1,1,DJANGO_CANONICAL_LINEAGE,REQUIRED,,domains/compliance/provincial-privacy,domains/compliance/provincial-privacy.dataSubjectAccessRequests|provincial-privacy-schema.dataSubjectAccessRequests,apps/union-eyes/backend/compliance/models.py,apps/union-eyes/backend/compliance/migrations/0001_initial.py|apps/union-eyes/db/migrations/20260507_fixup_create_break_glass_activations.sql|apps/union-eyes/db/migrations-audit/0000_familiar_silhouette.sql
deadline_audit_events,PLATFORM_SQL_OWNED,migrations/0045_union_eyes_deadline_engine.sql,ROOT_SQL,60,false,mixed,SELECT|INSERT,true,true,1,1,ACTIVE_SQL_PLATFORM_LINEAGE,REQUIRED,,deadline-engine-schema,deadline-engine-schema.deadlineAuditEvents,,migrations/0045_union_eyes_deadline_engine.sql
deadline_reminders,PLATFORM_SQL_OWNED,migrations/0045_union_eyes_deadline_engine.sql,ROOT_SQL,60,false,mixed,SELECT|INSERT|UPDATE|DELETE,true,true,3,2,ACTIVE_SQL_PLATFORM_LINEAGE,REQUIRED,,deadline-engine-schema,deadline-engine-schema.deadlineReminders,,migrations/0045_union_eyes_deadline_engine.sql
defensibility_packs,DJANGO_OWNED,apps/union-eyes/backend/grievances/migrations/0001_initial.py,DJANGO_MIGRATIONS,10,false,tenant,SELECT|INSERT,true,true,1,1,DJANGO_CANONICAL_LINEAGE,REQUIRED,,defensibility-packs-schema,defensibility-packs-schema.defensibilityPacks|domains/infrastructure/defensibility.defensibilityPacks,apps/union-eyes/backend/grievances/models.py,apps/union-eyes/backend/grievances/migrations/0001_initial.py|apps/union-eyes/db/migrations/0061_add_defensibility_packs.sql|apps/union-eyes/db/migrations/20260507_fixup_pre_0008_missing_tables.sql|apps/union-eyes/db/migrations-audit/0000_familiar_silhouette.sql
dispatch_assignments,PLATFORM_SQL_OWNED,apps/union-eyes/db/migrations-audit/0001_silky_elektra.sql,UNION_EYES_AUDIT_SQL,40,false,tenant,SELECT|INSERT,true,true,0,1,OTHER_GOVERNED_LINEAGE,REQUIRED,,domains/dispatch/dispatch,domains/dispatch/dispatch.dispatchAssignments,,apps/union-eyes/db/migrations-audit/0001_silky_elektra.sql|scripts/stub-migration.sql
dispatch_requests,PLATFORM_SQL_OWNED,apps/union-eyes/db/migrations-audit/0001_silky_elektra.sql,UNION_EYES_AUDIT_SQL,40,false,tenant,SELECT|INSERT|UPDATE,true,true,1,1,OTHER_GOVERNED_LINEAGE,REQUIRED,,domains/dispatch/dispatch,domains/dispatch/dispatch.dispatchRequests,,apps/union-eyes/db/migrations-audit/0001_silky_elektra.sql|scripts/stub-migration.sql
dispatch_rules,PLATFORM_SQL_OWNED,apps/union-eyes/db/migrations-audit/0001_silky_elektra.sql,UNION_EYES_AUDIT_SQL,40,false,tenant,SELECT,true,true,1,0,OTHER_GOVERNED_LINEAGE,REQUIRED,,domains/dispatch/dispatch,domains/dispatch/dispatch.dispatchRules,,apps/union-eyes/db/migrations-audit/0001_silky_elektra.sql|scripts/stub-migration.sql
document_access_grants,PLATFORM_SQL_OWNED,apps/union-eyes/db/migrations/manual/070_governed_case_access_documents.sql,UNION_EYES_LEGACY_SQL,20,false,tenant,SELECT,true,true,5,0,ACTIVE_SQL_PLATFORM_LINEAGE,REQUIRED,,documents-schema,documents-schema.documentAccessGrants,,apps/union-eyes/db/migrations/manual/070_governed_case_access_documents.sql
document_folders,DJANGO_OWNED,apps/union-eyes/backend/content/migrations/0001_initial.py,DJANGO_MIGRATIONS,10,false,tenant,SELECT|INSERT,true,true,2,1,DJANGO_CANONICAL_LINEAGE,REQUIRED,,documents-schema,documents-schema.documentFolders,apps/union-eyes/backend/content/models.py,apps/union-eyes/backend/content/migrations/0001_initial.py|apps/union-eyes/db/migrations/20260507_fixup_create_break_glass_activations.sql|apps/union-eyes/db/migrations-audit/0000_familiar_silhouette.sql
document_links,PLATFORM_SQL_OWNED,apps/union-eyes/db/migrations/manual/070_governed_case_access_documents.sql,UNION_EYES_LEGACY_SQL,20,false,tenant,SELECT|INSERT,true,true,0,3,ACTIVE_SQL_PLATFORM_LINEAGE,REQUIRED,,documents-schema,documents-schema.documentLinks,,apps/union-eyes/db/migrations/manual/070_governed_case_access_documents.sql
document_signers,DJANGO_OWNED,apps/union-eyes/backend/content/migrations/0001_initial.py,DJANGO_MIGRATIONS,10,false,tenant,SELECT|INSERT|UPDATE,true,true,1,1,DJANGO_CANONICAL_LINEAGE,REQUIRED,,domains/documents/signatures,domains/documents/signatures.documentSigners|e-signature-schema.documentSigners,apps/union-eyes/backend/content/models.py,apps/union-eyes/backend/content/migrations/0001_initial.py|apps/union-eyes/db/migrations/0006_flat_stepford_cuckoos.sql|apps/union-eyes/db/migrations-audit/0000_familiar_silhouette.sql
document_versions,PLATFORM_SQL_OWNED,apps/union-eyes/db/migrations/manual/070_governed_case_access_documents.sql,UNION_EYES_LEGACY_SQL,20,false,tenant,SELECT|INSERT,true,true,5,5,ACTIVE_SQL_PLATFORM_LINEAGE,REQUIRED,,documents-schema,documents-schema.documentVersions,,apps/union-eyes/db/migrations/manual/070_governed_case_access_documents.sql
documents,DJANGO_OWNED,apps/union-eyes/backend/content/migrations/0001_initial.py,DJANGO_MIGRATIONS,10,false,tenant,SELECT|INSERT|UPDATE|DELETE,true,true,16,9,DJANGO_CANONICAL_LINEAGE,REQUIRED,,documents-schema,documents-schema.documents,apps/union-eyes/backend/content/models.py,apps/union-eyes/backend/content/migrations/0001_initial.py|apps/union-eyes/db/migrations/20260507_fixup_create_break_glass_activations.sql|apps/union-eyes/db/migrations-audit/0000_familiar_silhouette.sql|packages/db/drizzle/0000_initial.sql|tooling/sql/union-eyes-qa-baseline.sql|scripts/migrate-console-tables.sql
domain_events,DJANGO_OWNED,apps/union-eyes/backend/services/migrations/0001_enterprise_hardening.py,DJANGO_MIGRATIONS,10,false,mixed,SELECT|INSERT,true,false,0,0,DJANGO_CANONICAL_LINEAGE,EXCLUDED_BY_SCOPE_DISPOSITION,,undeclared,,apps/union-eyes/backend/services/events/models.py,apps/union-eyes/backend/services/migrations/0001_enterprise_hardening.py
donation_campaigns,DJANGO_OWNED,apps/union-eyes/backend/billing/migrations/0001_initial.py,DJANGO_MIGRATIONS,10,false,tenant,SELECT|INSERT|UPDATE|DELETE,true,false,0,0,DJANGO_CANONICAL_LINEAGE,REQUIRED,,cms-website-schema,cms-website-schema.donationCampaigns|domains/infrastructure/cms.donationCampaigns,apps/union-eyes/backend/billing/models.py,apps/union-eyes/backend/billing/migrations/0001_initial.py|apps/union-eyes/db/migrations/0008_lean_mother_askani.sql|apps/union-eyes/db/migrations/0008_lean_mother_askani.sql|apps/union-eyes/db/migrations/0008_lean_mother_askani.sql|apps/union-eyes/db/migrations/0008_lean_mother_askani.sql|apps/union-eyes/db/migrations/0008_lean_mother_askani.sql|apps/union-eyes/db/migrations/0008_lean_mother_askani.sql|apps/union-eyes/db/migrations/0008_lean_mother_askani.sql|apps/union-eyes/db/migrations/0008_lean_mother_askani.sql|apps/union-eyes/db/migrations/0008_lean_mother_askani.sql|apps/union-eyes/db/migrations/0008_lean_mother_askani.sql|apps/union-eyes/db/migrations/0008_lean_mother_askani.sql|apps/union-eyes/db/migrations/0008_lean_mother_askani.sql|apps/union-eyes/db/migrations/0008_lean_mother_askani.sql|apps/union-eyes/db/migrations/0008_lean_mother_askani.sql|apps/union-eyes/db/migrations/0008_lean_mother_askani.sql|apps/union-eyes/db/migrations/0008_lean_mother_askani.sql|apps/union-eyes/db/migrations/0008_lean_mother_askani.sql|apps/union-eyes/db/migrations/0008_lean_mother_askani.sql|apps/union-eyes/db/migrations/0008_lean_mother_askani.sql|apps/union-eyes/db/migrations/0008_lean_mother_askani.sql|apps/union-eyes/db/migrations/0008_lean_mother_askani.sql|apps/union-eyes/db/migrations/0008_lean_mother_askani.sql|apps/union-eyes/db/migrations/0008_lean_mother_askani.sql|apps/union-eyes/db/migrations/0008_lean_mother_askani.sql|apps/union-eyes/db/migrations/0008_lean_mother_askani.sql|apps/union-eyes/db/migrations/0008_lean_mother_askani.sql|apps/union-eyes/db/migrations/0008_lean_mother_askani.sql|apps/union-eyes/db/migrations/0008_lean_mother_askani.sql|apps/union-eyes/db/migrations/0008_lean_mother_askani.sql|apps/union-eyes/db/migrations-audit/0000_familiar_silhouette.sql
dues_assignments,PLATFORM_SQL_OWNED,apps/union-eyes/db/migrations/0083_data_source_tables.sql,UNION_EYES_LEGACY_SQL,20,false,mixed,SELECT,true,true,1,0,ACTIVE_SQL_PLATFORM_LINEAGE,REQUIRED,,domains/finance/dues-assignments,domains/finance/dues-assignments.duesAssignments,,apps/union-eyes/db/migrations/0083_data_source_tables.sql
dues_rates,DJANGO_OWNED,apps/union-eyes/backend/billing/migrations/0001_initial.py,DJANGO_MIGRATIONS,10,false,tenant,SELECT|INSERT|UPDATE|DELETE,true,false,0,0,DJANGO_CANONICAL_LINEAGE,REQUIRED,,dues-finance-schema,dues-finance-schema.duesRates,apps/union-eyes/backend/billing/models.py,apps/union-eyes/backend/billing/migrations/0001_initial.py
dues_transactions,DJANGO_OWNED,apps/union-eyes/backend/billing/migrations/0001_initial.py,DJANGO_MIGRATIONS,10,false,tenant,SELECT|INSERT|UPDATE|DELETE,true,true,14,11,DJANGO_CANONICAL_LINEAGE,REQUIRED,,domains/finance/dues,domains/finance/dues.duesTransactions|dues-transactions-schema.duesTransactions,apps/union-eyes/backend/billing/models.py,apps/union-eyes/backend/billing/migrations/0001_initial.py|apps/union-eyes/db/migrations/0008_lean_mother_askani.sql|apps/union-eyes/db/migrations/0008_lean_mother_askani.sql|apps/union-eyes/db/migrations/0008_lean_mother_askani.sql|apps/union-eyes/db/migrations/0008_lean_mother_askani.sql|apps/union-eyes/db/migrations/0008_lean_mother_askani.sql|apps/union-eyes/db/migrations/0008_lean_mother_askani.sql|apps/union-eyes/db/migrations/0008_lean_mother_askani.sql|apps/union-eyes/db/migrations/0008_lean_mother_askani.sql|apps/union-eyes/db/migrations/0008_lean_mother_askani.sql|apps/union-eyes/db/migrations/0008_lean_mother_askani.sql|apps/union-eyes/db/migrations/0008_lean_mother_askani.sql|apps/union-eyes/db/migrations/0008_lean_mother_askani.sql|apps/union-eyes/db/migrations/0008_lean_mother_askani.sql|apps/union-eyes/db/migrations/0008_lean_mother_askani.sql|apps/union-eyes/db/migrations/0008_lean_mother_askani.sql|apps/union-eyes/db/migrations/0008_lean_mother_askani.sql|apps/union-eyes/db/migrations/0008_lean_mother_askani.sql|apps/union-eyes/db/migrations/0008_lean_mother_askani.sql|apps/union-eyes/db/migrations/0008_lean_mother_askani.sql|apps/union-eyes/db/migrations/0008_lean_mother_askani.sql|apps/union-eyes/db/migrations/0008_lean_mother_askani.sql|apps/union-eyes/db/migrations/0008_lean_mother_askani.sql|apps/union-eyes/db/migrations/0008_lean_mother_askani.sql|apps/union-eyes/db/migrations/0008_lean_mother_askani.sql|apps/union-eyes/db/migrations/0008_lean_mother_askani.sql|apps/union-eyes/db/migrations/0008_lean_mother_askani.sql|apps/union-eyes/db/migrations/0008_lean_mother_askani.sql|apps/union-eyes/db/migrations/0008_lean_mother_askani.sql|apps/union-eyes/db/migrations/0008_lean_mother_askani.sql|apps/union-eyes/db/migrations-audit/0000_familiar_silhouette.sql|apps/union-eyes/services/financial-service/drizzle/0000_lucky_mole_man.sql
duplicate_group_members,PLATFORM_SQL_OWNED,apps/union-eyes/db/migrations/0104_dedup_and_quality_warnings.sql,UNION_EYES_LEGACY_SQL,20,false,tenant,SELECT|INSERT,true,true,1,1,ACTIVE_SQL_PLATFORM_LINEAGE,REQUIRED,,ingestion-schema,ingestion-schema.duplicateGroupMembers,,apps/union-eyes/db/migrations/0104_dedup_and_quality_warnings.sql
duplicate_groups,PLATFORM_SQL_OWNED,apps/union-eyes/db/migrations/0104_dedup_and_quality_warnings.sql,UNION_EYES_LEGACY_SQL,20,false,tenant,SELECT|INSERT|UPDATE,true,true,2,2,ACTIVE_SQL_PLATFORM_LINEAGE,REQUIRED,,ingestion-schema,ingestion-schema.duplicateGroups,,apps/union-eyes/db/migrations/0104_dedup_and_quality_warnings.sql
employer_communications,PLATFORM_SQL_OWNED,apps/union-eyes/db/migrations-audit/0000_familiar_silhouette.sql,UNION_EYES_AUDIT_SQL,40,false,tenant,SELECT|INSERT|UPDATE,true,true,1,1,OTHER_GOVERNED_LINEAGE,REQUIRED,,domains/communications/employer-communications,domains/communications/employer-communications.employerCommunications,,apps/union-eyes/db/migrations-audit/0000_familiar_silhouette.sql|scripts/stub-migration.sql
employer_contacts,PLATFORM_SQL_OWNED,apps/union-eyes/db/migrations-audit/0000_familiar_silhouette.sql,UNION_EYES_AUDIT_SQL,40,false,tenant,SELECT|INSERT,true,true,1,1,OTHER_GOVERNED_LINEAGE,REQUIRED,,domains/communications/employer-communications,domains/communications/employer-communications.employerContacts,,apps/union-eyes/db/migrations-audit/0000_familiar_silhouette.sql|scripts/stub-migration.sql
employer_execution_artifacts,UNKNOWN,,PROJECTED_OR_RUNTIME_USED_WITHOUT_CREATION_LINEAGE,,false,mixed,SELECT|INSERT,true,true,9,4,PROJECTED_OR_RUNTIME_USED_WITHOUT_CREATION_LINEAGE,UNRESOLVED,A,domains/employer-execution/employer-artifacts,domains/employer-execution/employer-artifacts.employerExecutionArtifacts,,
employer_execution_compliance_events,UNKNOWN,,PROJECTED_OR_RUNTIME_USED_WITHOUT_CREATION_LINEAGE,,false,mixed,SELECT|INSERT,true,true,7,5,PROJECTED_OR_RUNTIME_USED_WITHOUT_CREATION_LINEAGE,UNRESOLVED,A,domains/employer-execution/employer-compliance,domains/employer-execution/employer-compliance.employerExecutionComplianceEvents,,
employer_execution_evidence_links,UNKNOWN,,PROJECTED_OR_RUNTIME_USED_WITHOUT_CREATION_LINEAGE,,false,tenant,SELECT|INSERT,true,true,0,3,PROJECTED_OR_RUNTIME_USED_WITHOUT_CREATION_LINEAGE,UNRESOLVED,A,domains/employer-execution/employer-artifacts,domains/employer-execution/employer-artifacts.employerExecutionEvidenceLinks,,
employer_execution_profiles,UNKNOWN,,PROJECTED_OR_RUNTIME_USED_WITHOUT_CREATION_LINEAGE,,false,tenant,SELECT,true,true,3,0,PROJECTED_OR_RUNTIME_USED_WITHOUT_CREATION_LINEAGE,UNRESOLVED,A,domains/employer-execution/employer-runtime-profile,domains/employer-execution/employer-runtime-profile.employerExecutionProfiles,,
employer_execution_replays,UNKNOWN,,PROJECTED_OR_RUNTIME_USED_WITHOUT_CREATION_LINEAGE,,false,mixed,SELECT|INSERT,true,true,2,2,PROJECTED_OR_RUNTIME_USED_WITHOUT_CREATION_LINEAGE,UNRESOLVED,A,domains/employer-execution/employer-artifacts,domains/employer-execution/employer-artifacts.employerExecutionReplays,,
employer_payroll_run_items,UNKNOWN,,PROJECTED_OR_RUNTIME_USED_WITHOUT_CREATION_LINEAGE,,false,tenant,SELECT|INSERT|UPDATE,true,true,6,2,PROJECTED_OR_RUNTIME_USED_WITHOUT_CREATION_LINEAGE,UNRESOLVED,A,domains/employer-execution/employer-payroll-runs,domains/employer-execution/employer-payroll-runs.employerPayrollRunItems,,
employer_payroll_runs,UNKNOWN,,PROJECTED_OR_RUNTIME_USED_WITHOUT_CREATION_LINEAGE,,false,tenant,SELECT|INSERT|UPDATE,true,true,8,4,PROJECTED_OR_RUNTIME_USED_WITHOUT_CREATION_LINEAGE,UNRESOLVED,A,domains/employer-execution/employer-payroll-runs,domains/employer-execution/employer-payroll-runs.employerPayrollRuns,,
employer_remittance_run_items,UNKNOWN,,PROJECTED_OR_RUNTIME_USED_WITHOUT_CREATION_LINEAGE,,false,tenant,SELECT|INSERT|UPDATE,true,true,1,1,PROJECTED_OR_RUNTIME_USED_WITHOUT_CREATION_LINEAGE,UNRESOLVED,A,domains/employer-execution/employer-remittance-runs,domains/employer-execution/employer-remittance-runs.employerRemittanceRunItems,,
employer_remittance_runs,UNKNOWN,,PROJECTED_OR_RUNTIME_USED_WITHOUT_CREATION_LINEAGE,,false,tenant,SELECT|INSERT|UPDATE,true,true,5,3,PROJECTED_OR_RUNTIME_USED_WITHOUT_CREATION_LINEAGE,UNRESOLVED,A,domains/employer-execution/employer-remittance-runs,domains/employer-execution/employer-remittance-runs.employerRemittanceRuns,,
employer_remittances,DJANGO_OWNED,apps/union-eyes/backend/billing/migrations/0001_initial.py,DJANGO_MIGRATIONS,10,false,tenant,SELECT|INSERT|UPDATE|DELETE,true,true,7,4,DJANGO_CANONICAL_LINEAGE,REQUIRED,,dues-finance-schema,dues-finance-schema.employerRemittances,apps/union-eyes/backend/billing/models.py,apps/union-eyes/backend/billing/migrations/0001_initial.py|apps/union-eyes/services/financial-service/drizzle/0000_lucky_mole_man.sql
employer_reports,PLATFORM_SQL_OWNED,apps/union-eyes/db/migrations-audit/0000_familiar_silhouette.sql,UNION_EYES_AUDIT_SQL,40,false,tenant,SELECT,true,true,1,0,OTHER_GOVERNED_LINEAGE,REQUIRED,,domains/compliance/employer-compliance,domains/compliance/employer-compliance.employerReports,,apps/union-eyes/db/migrations-audit/0000_familiar_silhouette.sql|scripts/create-compliance-tables.sql|scripts/stub-migration.sql
employer_risk_scores,PLATFORM_SQL_OWNED,apps/union-eyes/db/migrations-audit/0000_familiar_silhouette.sql,UNION_EYES_AUDIT_SQL,40,false,tenant,SELECT|INSERT,true,true,1,1,OTHER_GOVERNED_LINEAGE,REQUIRED,,domains/ml/employer-risk-scores,domains/ml/employer-risk-scores.employerRiskScores,,apps/union-eyes/db/migrations-audit/0000_familiar_silhouette.sql|scripts/stub-migration.sql
employer_timesheet_batches,UNKNOWN,,PROJECTED_OR_RUNTIME_USED_WITHOUT_CREATION_LINEAGE,,false,tenant,SELECT|INSERT|UPDATE,true,true,4,3,PROJECTED_OR_RUNTIME_USED_WITHOUT_CREATION_LINEAGE,UNRESOLVED,A,domains/employer-execution/employer-timesheets,domains/employer-execution/employer-timesheets.employerTimesheetBatches,,
employer_timesheet_entries,UNKNOWN,,PROJECTED_OR_RUNTIME_USED_WITHOUT_CREATION_LINEAGE,,false,tenant,SELECT|INSERT|UPDATE,true,true,5,2,PROJECTED_OR_RUNTIME_USED_WITHOUT_CREATION_LINEAGE,UNRESOLVED,A,domains/employer-execution/employer-timesheets,domains/employer-execution/employer-timesheets.employerTimesheetEntries,,
employers,DJANGO_OWNED,apps/union-eyes/backend/unions/migrations/0001_initial.py,DJANGO_MIGRATIONS,10,false,tenant,SELECT|INSERT|UPDATE|DELETE,true,true,4,1,DJANGO_CANONICAL_LINEAGE,REQUIRED,,union-structure-schema,union-structure-schema.employers,apps/union-eyes/backend/unions/models.py,apps/union-eyes/backend/unions/migrations/0001_initial.py|apps/union-eyes/db/migrations/0019_lonely_stephen_strange.sql|apps/union-eyes/db/migrations-audit/0000_familiar_silhouette.sql|scripts/create-compliance-tables.sql
entitlement_usage_log,PLATFORM_SQL_OWNED,apps/union-eyes/db/migrations/0085_monetization_infrastructure_layer.sql,UNION_EYES_LEGACY_SQL,20,false,tenant,SELECT|INSERT,true,true,0,1,ACTIVE_SQL_PLATFORM_LINEAGE,REQUIRED,,domains/finance/contracts,domains/finance/contracts.entitlementUsageLog,,apps/union-eyes/db/migrations/0085_monetization_infrastructure_layer.sql
erp_invoices,DJANGO_OWNED,apps/union-eyes/backend/billing/migrations/0001_initial.py,DJANGO_MIGRATIONS,10,false,tenant,SELECT|INSERT|UPDATE|DELETE,true,false,0,0,DJANGO_CANONICAL_LINEAGE,REQUIRED,,domains/infrastructure/erp,domains/infrastructure/erp.erpInvoices,apps/union-eyes/backend/billing/models.py,apps/union-eyes/backend/billing/migrations/0001_initial.py|apps/union-eyes/db/migrations/0008_lean_mother_askani.sql|apps/union-eyes/db/migrations/0008_lean_mother_askani.sql|apps/union-eyes/db/migrations/0008_lean_mother_askani.sql|apps/union-eyes/db/migrations/0008_lean_mother_askani.sql|apps/union-eyes/db/migrations/0008_lean_mother_askani.sql|apps/union-eyes/db/migrations/0008_lean_mother_askani.sql|apps/union-eyes/db/migrations/0008_lean_mother_askani.sql|apps/union-eyes/db/migrations/0008_lean_mother_askani.sql|apps/union-eyes/db/migrations/0008_lean_mother_askani.sql|apps/union-eyes/db/migrations/0008_lean_mother_askani.sql|apps/union-eyes/db/migrations/0008_lean_mother_askani.sql|apps/union-eyes/db/migrations/0008_lean_mother_askani.sql|apps/union-eyes/db/migrations/0008_lean_mother_askani.sql|apps/union-eyes/db/migrations/0008_lean_mother_askani.sql|apps/union-eyes/db/migrations/0008_lean_mother_askani.sql|apps/union-eyes/db/migrations/0008_lean_mother_askani.sql|apps/union-eyes/db/migrations/0008_lean_mother_askani.sql|apps/union-eyes/db/migrations/0008_lean_mother_askani.sql|apps/union-eyes/db/migrations/0008_lean_mother_askani.sql|apps/union-eyes/db/migrations/0008_lean_mother_askani.sql|apps/union-eyes/db/migrations/0008_lean_mother_askani.sql|apps/union-eyes/db/migrations/0008_lean_mother_askani.sql|apps/union-eyes/db/migrations/0008_lean_mother_askani.sql|apps/union-eyes/db/migrations/0008_lean_mother_askani.sql|apps/union-eyes/db/migrations/0008_lean_mother_askani.sql|apps/union-eyes/db/migrations/0008_lean_mother_askani.sql|apps/union-eyes/db/migrations/0008_lean_mother_askani.sql|apps/union-eyes/db/migrations/0008_lean_mother_askani.sql|apps/union-eyes/db/migrations/0008_lean_mother_askani.sql|apps/union-eyes/db/migrations-audit/0000_familiar_silhouette.sql
evidence_packs,DJANGO_OWNED,apps/union-eyes/backend/services/migrations/0001_enterprise_hardening.py,DJANGO_MIGRATIONS,10,false,tenant,SELECT|INSERT,true,false,0,0,DJANGO_CANONICAL_LINEAGE,EXCLUDED_BY_SCOPE_DISPOSITION,,undeclared,,apps/union-eyes/backend/services/evidence_pack/models.py,apps/union-eyes/backend/services/migrations/0001_enterprise_hardening.py|packages/db/drizzle/0000_initial.sql|scripts/migrate-console-tables.sql
exit_interview_documents,DJANGO_OWNED,apps/union-eyes/backend/exit_interviews/migrations/0001_initial.py,DJANGO_MIGRATIONS,10,false,tenant,SELECT|INSERT,true,true,2,1,DJANGO_CANONICAL_LINEAGE,REQUIRED,,domains/infrastructure/exit-interviews,domains/infrastructure/exit-interviews.exitInterviewDocuments,apps/union-eyes/backend/exit_interviews/models.py,apps/union-eyes/backend/exit_interviews/migrations/0001_initial.py|apps/union-eyes/db/migrations/0042_perpetual_karen_page.sql
exit_interview_events,DJANGO_OWNED,apps/union-eyes/backend/exit_interviews/migrations/0001_initial.py,DJANGO_MIGRATIONS,10,false,tenant,SELECT|INSERT,true,true,3,8,DJANGO_CANONICAL_LINEAGE,REQUIRED,,domains/infrastructure/exit-interviews,domains/infrastructure/exit-interviews.exitInterviewEvents,apps/union-eyes/backend/exit_interviews/models.py,apps/union-eyes/backend/exit_interviews/migrations/0001_initial.py|apps/union-eyes/db/migrations/0042_perpetual_karen_page.sql
exit_interviews,DJANGO_OWNED,apps/union-eyes/backend/exit_interviews/migrations/0001_initial.py,DJANGO_MIGRATIONS,10,false,tenant,SELECT|INSERT|UPDATE,true,true,22,8,DJANGO_CANONICAL_LINEAGE,REQUIRED,,domains/infrastructure/exit-interviews,domains/infrastructure/exit-interviews.exitInterviews,apps/union-eyes/backend/exit_interviews/models.py,apps/union-eyes/backend/exit_interviews/migrations/0001_initial.py|apps/union-eyes/db/migrations/0042_perpetual_karen_page.sql
external_accounts,DJANGO_OWNED,apps/union-eyes/backend/core/migrations/0001_initial.py,DJANGO_MIGRATIONS,10,false,tenant,SELECT|INSERT|UPDATE,true,true,5,5,DJANGO_CANONICAL_LINEAGE,REQUIRED,,domains/data/accounting,domains/data/accounting.externalAccounts,apps/union-eyes/backend/core/models.py,apps/union-eyes/backend/core/migrations/0001_initial.py|apps/union-eyes/db/migrations/0008_lean_mother_askani.sql|apps/union-eyes/db/migrations/0008_lean_mother_askani.sql|apps/union-eyes/db/migrations/0008_lean_mother_askani.sql|apps/union-eyes/db/migrations/0008_lean_mother_askani.sql|apps/union-eyes/db/migrations/0008_lean_mother_askani.sql|apps/union-eyes/db/migrations/0008_lean_mother_askani.sql|apps/union-eyes/db/migrations/0008_lean_mother_askani.sql|apps/union-eyes/db/migrations/0008_lean_mother_askani.sql|apps/union-eyes/db/migrations/0008_lean_mother_askani.sql|apps/union-eyes/db/migrations/0008_lean_mother_askani.sql|apps/union-eyes/db/migrations/0008_lean_mother_askani.sql|apps/union-eyes/db/migrations/0008_lean_mother_askani.sql|apps/union-eyes/db/migrations/0008_lean_mother_askani.sql|apps/union-eyes/db/migrations/0008_lean_mother_askani.sql|apps/union-eyes/db/migrations/0008_lean_mother_askani.sql|apps/union-eyes/db/migrations/0008_lean_mother_askani.sql|apps/union-eyes/db/migrations/0008_lean_mother_askani.sql|apps/union-eyes/db/migrations/0008_lean_mother_askani.sql|apps/union-eyes/db/migrations/0008_lean_mother_askani.sql|apps/union-eyes/db/migrations/0008_lean_mother_askani.sql|apps/union-eyes/db/migrations/0008_lean_mother_askani.sql|apps/union-eyes/db/migrations/0008_lean_mother_askani.sql|apps/union-eyes/db/migrations/0008_lean_mother_askani.sql|apps/union-eyes/db/migrations/0008_lean_mother_askani.sql|apps/union-eyes/db/migrations/0008_lean_mother_askani.sql|apps/union-eyes/db/migrations/0008_lean_mother_askani.sql|apps/union-eyes/db/migrations/0008_lean_mother_askani.sql|apps/union-eyes/db/migrations/0008_lean_mother_askani.sql|apps/union-eyes/db/migrations/0008_lean_mother_askani.sql|apps/union-eyes/db/migrations/20260213_add_accounting_tables_fixed.sql|apps/union-eyes/db/migrations/20260324_add_remaining_missing_tables.sql|apps/union-eyes/db/migrations-audit/0000_familiar_silhouette.sql
external_benefit_coverage,DJANGO_OWNED,apps/union-eyes/backend/core/migrations/0001_initial.py,DJANGO_MIGRATIONS,10,false,tenant,SELECT|INSERT|UPDATE,true,true,2,2,DJANGO_CANONICAL_LINEAGE,REQUIRED,,domains/data/insurance,domains/data/insurance.externalBenefitCoverage,apps/union-eyes/backend/core/models.py,apps/union-eyes/backend/core/migrations/0001_initial.py|apps/union-eyes/db/migrations/0008_lean_mother_askani.sql|apps/union-eyes/db/migrations/0008_lean_mother_askani.sql|apps/union-eyes/db/migrations/0008_lean_mother_askani.sql|apps/union-eyes/db/migrations/0008_lean_mother_askani.sql|apps/union-eyes/db/migrations/0008_lean_mother_askani.sql|apps/union-eyes/db/migrations/0008_lean_mother_askani.sql|apps/union-eyes/db/migrations/0008_lean_mother_askani.sql|apps/union-eyes/db/migrations/0008_lean_mother_askani.sql|apps/union-eyes/db/migrations/0008_lean_mother_askani.sql|apps/union-eyes/db/migrations/0008_lean_mother_askani.sql|apps/union-eyes/db/migrations/0008_lean_mother_askani.sql|apps/union-eyes/db/migrations/0008_lean_mother_askani.sql|apps/union-eyes/db/migrations/0008_lean_mother_askani.sql|apps/union-eyes/db/migrations/0008_lean_mother_askani.sql|apps/union-eyes/db/migrations/0008_lean_mother_askani.sql|apps/union-eyes/db/migrations/0008_lean_mother_askani.sql|apps/union-eyes/db/migrations/0008_lean_mother_askani.sql|apps/union-eyes/db/migrations/0008_lean_mother_askani.sql|apps/union-eyes/db/migrations/0008_lean_mother_askani.sql|apps/union-eyes/db/migrations/0008_lean_mother_askani.sql|apps/union-eyes/db/migrations/0008_lean_mother_askani.sql|apps/union-eyes/db/migrations/0008_lean_mother_askani.sql|apps/union-eyes/db/migrations/0008_lean_mother_askani.sql|apps/union-eyes/db/migrations/0008_lean_mother_askani.sql|apps/union-eyes/db/migrations/0008_lean_mother_askani.sql|apps/union-eyes/db/migrations/0008_lean_mother_askani.sql|apps/union-eyes/db/migrations/0008_lean_mother_askani.sql|apps/union-eyes/db/migrations/0008_lean_mother_askani.sql|apps/union-eyes/db/migrations/0008_lean_mother_askani.sql|apps/union-eyes/db/migrations-audit/0000_familiar_silhouette.sql
external_benefit_dependents,DJANGO_OWNED,apps/union-eyes/backend/core/migrations/0001_initial.py,DJANGO_MIGRATIONS,10,false,tenant,SELECT|INSERT|UPDATE,true,true,1,1,DJANGO_CANONICAL_LINEAGE,REQUIRED,,domains/data/insurance,domains/data/insurance.externalBenefitDependents,apps/union-eyes/backend/core/models.py,apps/union-eyes/backend/core/migrations/0001_initial.py|apps/union-eyes/db/migrations/0008_lean_mother_askani.sql|apps/union-eyes/db/migrations/0008_lean_mother_askani.sql|apps/union-eyes/db/migrations/0008_lean_mother_askani.sql|apps/union-eyes/db/migrations/0008_lean_mother_askani.sql|apps/union-eyes/db/migrations/0008_lean_mother_askani.sql|apps/union-eyes/db/migrations/0008_lean_mother_askani.sql|apps/union-eyes/db/migrations/0008_lean_mother_askani.sql|apps/union-eyes/db/migrations/0008_lean_mother_askani.sql|apps/union-eyes/db/migrations/0008_lean_mother_askani.sql|apps/union-eyes/db/migrations/0008_lean_mother_askani.sql|apps/union-eyes/db/migrations/0008_lean_mother_askani.sql|apps/union-eyes/db/migrations/0008_lean_mother_askani.sql|apps/union-eyes/db/migrations/0008_lean_mother_askani.sql|apps/union-eyes/db/migrations/0008_lean_mother_askani.sql|apps/union-eyes/db/migrations/0008_lean_mother_askani.sql|apps/union-eyes/db/migrations/0008_lean_mother_askani.sql|apps/union-eyes/db/migrations/0008_lean_mother_askani.sql|apps/union-eyes/db/migrations/0008_lean_mother_askani.sql|apps/union-eyes/db/migrations/0008_lean_mother_askani.sql|apps/union-eyes/db/migrations/0008_lean_mother_askani.sql|apps/union-eyes/db/migrations/0008_lean_mother_askani.sql|apps/union-eyes/db/migrations/0008_lean_mother_askani.sql|apps/union-eyes/db/migrations/0008_lean_mother_askani.sql|apps/union-eyes/db/migrations/0008_lean_mother_askani.sql|apps/union-eyes/db/migrations/0008_lean_mother_askani.sql|apps/union-eyes/db/migrations/0008_lean_mother_askani.sql|apps/union-eyes/db/migrations/0008_lean_mother_askani.sql|apps/union-eyes/db/migrations/0008_lean_mother_askani.sql|apps/union-eyes/db/migrations/0008_lean_mother_askani.sql|apps/union-eyes/db/migrations-audit/0000_familiar_silhouette.sql
external_benefit_enrollments,DJANGO_OWNED,apps/union-eyes/backend/core/migrations/0001_initial.py,DJANGO_MIGRATIONS,10,false,tenant,SELECT|INSERT|UPDATE,true,true,2,2,DJANGO_CANONICAL_LINEAGE,REQUIRED,,domains/data/insurance,domains/data/insurance.externalBenefitEnrollments,apps/union-eyes/backend/core/models.py,apps/union-eyes/backend/core/migrations/0001_initial.py|apps/union-eyes/db/migrations/0008_lean_mother_askani.sql|apps/union-eyes/db/migrations/0008_lean_mother_askani.sql|apps/union-eyes/db/migrations/0008_lean_mother_askani.sql|apps/union-eyes/db/migrations/0008_lean_mother_askani.sql|apps/union-eyes/db/migrations/0008_lean_mother_askani.sql|apps/union-eyes/db/migrations/0008_lean_mother_askani.sql|apps/union-eyes/db/migrations/0008_lean_mother_askani.sql|apps/union-eyes/db/migrations/0008_lean_mother_askani.sql|apps/union-eyes/db/migrations/0008_lean_mother_askani.sql|apps/union-eyes/db/migrations/0008_lean_mother_askani.sql|apps/union-eyes/db/migrations/0008_lean_mother_askani.sql|apps/union-eyes/db/migrations/0008_lean_mother_askani.sql|apps/union-eyes/db/migrations/0008_lean_mother_askani.sql|apps/union-eyes/db/migrations/0008_lean_mother_askani.sql|apps/union-eyes/db/migrations/0008_lean_mother_askani.sql|apps/union-eyes/db/migrations/0008_lean_mother_askani.sql|apps/union-eyes/db/migrations/0008_lean_mother_askani.sql|apps/union-eyes/db/migrations/0008_lean_mother_askani.sql|apps/union-eyes/db/migrations/0008_lean_mother_askani.sql|apps/union-eyes/db/migrations/0008_lean_mother_askani.sql|apps/union-eyes/db/migrations/0008_lean_mother_askani.sql|apps/union-eyes/db/migrations/0008_lean_mother_askani.sql|apps/union-eyes/db/migrations/0008_lean_mother_askani.sql|apps/union-eyes/db/migrations/0008_lean_mother_askani.sql|apps/union-eyes/db/migrations/0008_lean_mother_askani.sql|apps/union-eyes/db/migrations/0008_lean_mother_askani.sql|apps/union-eyes/db/migrations/0008_lean_mother_askani.sql|apps/union-eyes/db/migrations/0008_lean_mother_askani.sql|apps/union-eyes/db/migrations/0008_lean_mother_askani.sql|apps/union-eyes/db/migrations-audit/0000_familiar_silhouette.sql
external_benefit_plans,DJANGO_OWNED,apps/union-eyes/backend/core/migrations/0001_initial.py,DJANGO_MIGRATIONS,10,false,tenant,SELECT|INSERT|UPDATE,true,true,2,2,DJANGO_CANONICAL_LINEAGE,REQUIRED,,domains/data/insurance,domains/data/insurance.externalBenefitPlans,apps/union-eyes/backend/core/models.py,apps/union-eyes/backend/core/migrations/0001_initial.py|apps/union-eyes/db/migrations/0008_lean_mother_askani.sql|apps/union-eyes/db/migrations/0008_lean_mother_askani.sql|apps/union-eyes/db/migrations/0008_lean_mother_askani.sql|apps/union-eyes/db/migrations/0008_lean_mother_askani.sql|apps/union-eyes/db/migrations/0008_lean_mother_askani.sql|apps/union-eyes/db/migrations/0008_lean_mother_askani.sql|apps/union-eyes/db/migrations/0008_lean_mother_askani.sql|apps/union-eyes/db/migrations/0008_lean_mother_askani.sql|apps/union-eyes/db/migrations/0008_lean_mother_askani.sql|apps/union-eyes/db/migrations/0008_lean_mother_askani.sql|apps/union-eyes/db/migrations/0008_lean_mother_askani.sql|apps/union-eyes/db/migrations/0008_lean_mother_askani.sql|apps/union-eyes/db/migrations/0008_lean_mother_askani.sql|apps/union-eyes/db/migrations/0008_lean_mother_askani.sql|apps/union-eyes/db/migrations/0008_lean_mother_askani.sql|apps/union-eyes/db/migrations/0008_lean_mother_askani.sql|apps/union-eyes/db/migrations/0008_lean_mother_askani.sql|apps/union-eyes/db/migrations/0008_lean_mother_askani.sql|apps/union-eyes/db/migrations/0008_lean_mother_askani.sql|apps/union-eyes/db/migrations/0008_lean_mother_askani.sql|apps/union-eyes/db/migrations/0008_lean_mother_askani.sql|apps/union-eyes/db/migrations/0008_lean_mother_askani.sql|apps/union-eyes/db/migrations/0008_lean_mother_askani.sql|apps/union-eyes/db/migrations/0008_lean_mother_askani.sql|apps/union-eyes/db/migrations/0008_lean_mother_askani.sql|apps/union-eyes/db/migrations/0008_lean_mother_askani.sql|apps/union-eyes/db/migrations/0008_lean_mother_askani.sql|apps/union-eyes/db/migrations/0008_lean_mother_askani.sql|apps/union-eyes/db/migrations/0008_lean_mother_askani.sql|apps/union-eyes/db/migrations-audit/0000_familiar_silhouette.sql
external_benefit_utilization,DJANGO_OWNED,apps/union-eyes/backend/core/migrations/0001_initial.py,DJANGO_MIGRATIONS,10,false,tenant,SELECT|INSERT|UPDATE,true,true,2,2,DJANGO_CANONICAL_LINEAGE,REQUIRED,,domains/data/insurance,domains/data/insurance.externalBenefitUtilization,apps/union-eyes/backend/core/models.py,apps/union-eyes/backend/core/migrations/0001_initial.py|apps/union-eyes/db/migrations/0008_lean_mother_askani.sql|apps/union-eyes/db/migrations/0008_lean_mother_askani.sql|apps/union-eyes/db/migrations/0008_lean_mother_askani.sql|apps/union-eyes/db/migrations/0008_lean_mother_askani.sql|apps/union-eyes/db/migrations/0008_lean_mother_askani.sql|apps/union-eyes/db/migrations/0008_lean_mother_askani.sql|apps/union-eyes/db/migrations/0008_lean_mother_askani.sql|apps/union-eyes/db/migrations/0008_lean_mother_askani.sql|apps/union-eyes/db/migrations/0008_lean_mother_askani.sql|apps/union-eyes/db/migrations/0008_lean_mother_askani.sql|apps/union-eyes/db/migrations/0008_lean_mother_askani.sql|apps/union-eyes/db/migrations/0008_lean_mother_askani.sql|apps/union-eyes/db/migrations/0008_lean_mother_askani.sql|apps/union-eyes/db/migrations/0008_lean_mother_askani.sql|apps/union-eyes/db/migrations/0008_lean_mother_askani.sql|apps/union-eyes/db/migrations/0008_lean_mother_askani.sql|apps/union-eyes/db/migrations/0008_lean_mother_askani.sql|apps/union-eyes/db/migrations/0008_lean_mother_askani.sql|apps/union-eyes/db/migrations/0008_lean_mother_askani.sql|apps/union-eyes/db/migrations/0008_lean_mother_askani.sql|apps/union-eyes/db/migrations/0008_lean_mother_askani.sql|apps/union-eyes/db/migrations/0008_lean_mother_askani.sql|apps/union-eyes/db/migrations/0008_lean_mother_askani.sql|apps/union-eyes/db/migrations/0008_lean_mother_askani.sql|apps/union-eyes/db/migrations/0008_lean_mother_askani.sql|apps/union-eyes/db/migrations/0008_lean_mother_askani.sql|apps/union-eyes/db/migrations/0008_lean_mother_askani.sql|apps/union-eyes/db/migrations/0008_lean_mother_askani.sql|apps/union-eyes/db/migrations/0008_lean_mother_askani.sql|apps/union-eyes/db/migrations-audit/0000_familiar_silhouette.sql
external_calendar_connections,DJANGO_OWNED,apps/union-eyes/backend/unions/migrations/0001_initial.py,DJANGO_MIGRATIONS,10,false,tenant,SELECT|INSERT|UPDATE|DELETE,true,true,6,6,DJANGO_CANONICAL_LINEAGE,REQUIRED,,calendar-schema,calendar-schema.externalCalendarConnections|domains/scheduling/calendar.externalCalendarConnections,apps/union-eyes/backend/unions/models.py,apps/union-eyes/backend/unions/migrations/0001_initial.py|apps/union-eyes/db/migrations/0000_flippant_luke_cage.sql|apps/union-eyes/db/migrations/0001_phase5b_inter_union_features.sql|apps/union-eyes/db/migrations/20260324_add_remaining_missing_tables.sql|apps/union-eyes/db/migrations-audit/0000_familiar_silhouette.sql|scripts/stub-migration.sql|apps/union-eyes/services/financial-service/drizzle/0000_lucky_mole_man.sql
external_communication_channels,DJANGO_OWNED,apps/union-eyes/backend/core/migrations/0001_initial.py,DJANGO_MIGRATIONS,10,false,tenant,SELECT|INSERT|UPDATE,true,true,2,2,DJANGO_CANONICAL_LINEAGE,REQUIRED,,domains/data/communication,domains/data/communication.externalCommunicationChannels|db/data/communication.externalCommunicationChannels,apps/union-eyes/backend/core/models.py,apps/union-eyes/backend/core/migrations/0001_initial.py|apps/union-eyes/db/migrations/0008_lean_mother_askani.sql|apps/union-eyes/db/migrations/0008_lean_mother_askani.sql|apps/union-eyes/db/migrations/0008_lean_mother_askani.sql|apps/union-eyes/db/migrations/0008_lean_mother_askani.sql|apps/union-eyes/db/migrations/0008_lean_mother_askani.sql|apps/union-eyes/db/migrations/0008_lean_mother_askani.sql|apps/union-eyes/db/migrations/0008_lean_mother_askani.sql|apps/union-eyes/db/migrations/0008_lean_mother_askani.sql|apps/union-eyes/db/migrations/0008_lean_mother_askani.sql|apps/union-eyes/db/migrations/0008_lean_mother_askani.sql|apps/union-eyes/db/migrations/0008_lean_mother_askani.sql|apps/union-eyes/db/migrations/0008_lean_mother_askani.sql|apps/union-eyes/db/migrations/0008_lean_mother_askani.sql|apps/union-eyes/db/migrations/0008_lean_mother_askani.sql|apps/union-eyes/db/migrations/0008_lean_mother_askani.sql|apps/union-eyes/db/migrations/0008_lean_mother_askani.sql|apps/union-eyes/db/migrations/0008_lean_mother_askani.sql|apps/union-eyes/db/migrations/0008_lean_mother_askani.sql|apps/union-eyes/db/migrations/0008_lean_mother_askani.sql|apps/union-eyes/db/migrations/0008_lean_mother_askani.sql|apps/union-eyes/db/migrations/0008_lean_mother_askani.sql|apps/union-eyes/db/migrations/0008_lean_mother_askani.sql|apps/union-eyes/db/migrations/0008_lean_mother_askani.sql|apps/union-eyes/db/migrations/0008_lean_mother_askani.sql|apps/union-eyes/db/migrations/0008_lean_mother_askani.sql|apps/union-eyes/db/migrations/0008_lean_mother_askani.sql|apps/union-eyes/db/migrations/0008_lean_mother_askani.sql|apps/union-eyes/db/migrations/0008_lean_mother_askani.sql|apps/union-eyes/db/migrations/0008_lean_mother_askani.sql|apps/union-eyes/db/migrations-audit/0000_familiar_silhouette.sql
external_communication_files,DJANGO_OWNED,apps/union-eyes/backend/core/migrations/0001_initial.py,DJANGO_MIGRATIONS,10,false,tenant,SELECT|INSERT|UPDATE,true,true,0,2,DJANGO_CANONICAL_LINEAGE,REQUIRED,,domains/data/communication,domains/data/communication.externalCommunicationFiles|db/data/communication.externalCommunicationFiles,apps/union-eyes/backend/core/models.py,apps/union-eyes/backend/core/migrations/0001_initial.py|apps/union-eyes/db/migrations/0008_lean_mother_askani.sql|apps/union-eyes/db/migrations/0008_lean_mother_askani.sql|apps/union-eyes/db/migrations/0008_lean_mother_askani.sql|apps/union-eyes/db/migrations/0008_lean_mother_askani.sql|apps/union-eyes/db/migrations/0008_lean_mother_askani.sql|apps/union-eyes/db/migrations/0008_lean_mother_askani.sql|apps/union-eyes/db/migrations/0008_lean_mother_askani.sql|apps/union-eyes/db/migrations/0008_lean_mother_askani.sql|apps/union-eyes/db/migrations/0008_lean_mother_askani.sql|apps/union-eyes/db/migrations/0008_lean_mother_askani.sql|apps/union-eyes/db/migrations/0008_lean_mother_askani.sql|apps/union-eyes/db/migrations/0008_lean_mother_askani.sql|apps/union-eyes/db/migrations/0008_lean_mother_askani.sql|apps/union-eyes/db/migrations/0008_lean_mother_askani.sql|apps/union-eyes/db/migrations/0008_lean_mother_askani.sql|apps/union-eyes/db/migrations/0008_lean_mother_askani.sql|apps/union-eyes/db/migrations/0008_lean_mother_askani.sql|apps/union-eyes/db/migrations/0008_lean_mother_askani.sql|apps/union-eyes/db/migrations/0008_lean_mother_askani.sql|apps/union-eyes/db/migrations/0008_lean_mother_askani.sql|apps/union-eyes/db/migrations/0008_lean_mother_askani.sql|apps/union-eyes/db/migrations/0008_lean_mother_askani.sql|apps/union-eyes/db/migrations/0008_lean_mother_askani.sql|apps/union-eyes/db/migrations/0008_lean_mother_askani.sql|apps/union-eyes/db/migrations/0008_lean_mother_askani.sql|apps/union-eyes/db/migrations/0008_lean_mother_askani.sql|apps/union-eyes/db/migrations/0008_lean_mother_askani.sql|apps/union-eyes/db/migrations/0008_lean_mother_askani.sql|apps/union-eyes/db/migrations/0008_lean_mother_askani.sql|apps/union-eyes/db/migrations-audit/0000_familiar_silhouette.sql
external_communication_messages,DJANGO_OWNED,apps/union-eyes/backend/core/migrations/0001_initial.py,DJANGO_MIGRATIONS,10,false,tenant,SELECT|INSERT|UPDATE,true,true,0,2,DJANGO_CANONICAL_LINEAGE,REQUIRED,,domains/data/communication,domains/data/communication.externalCommunicationMessages|db/data/communication.externalCommunicationMessages,apps/union-eyes/backend/core/models.py,apps/union-eyes/backend/core/migrations/0001_initial.py|apps/union-eyes/db/migrations/0008_lean_mother_askani.sql|apps/union-eyes/db/migrations/0008_lean_mother_askani.sql|apps/union-eyes/db/migrations/0008_lean_mother_askani.sql|apps/union-eyes/db/migrations/0008_lean_mother_askani.sql|apps/union-eyes/db/migrations/0008_lean_mother_askani.sql|apps/union-eyes/db/migrations/0008_lean_mother_askani.sql|apps/union-eyes/db/migrations/0008_lean_mother_askani.sql|apps/union-eyes/db/migrations/0008_lean_mother_askani.sql|apps/union-eyes/db/migrations/0008_lean_mother_askani.sql|apps/union-eyes/db/migrations/0008_lean_mother_askani.sql|apps/union-eyes/db/migrations/0008_lean_mother_askani.sql|apps/union-eyes/db/migrations/0008_lean_mother_askani.sql|apps/union-eyes/db/migrations/0008_lean_mother_askani.sql|apps/union-eyes/db/migrations/0008_lean_mother_askani.sql|apps/union-eyes/db/migrations/0008_lean_mother_askani.sql|apps/union-eyes/db/migrations/0008_lean_mother_askani.sql|apps/union-eyes/db/migrations/0008_lean_mother_askani.sql|apps/union-eyes/db/migrations/0008_lean_mother_askani.sql|apps/union-eyes/db/migrations/0008_lean_mother_askani.sql|apps/union-eyes/db/migrations/0008_lean_mother_askani.sql|apps/union-eyes/db/migrations/0008_lean_mother_askani.sql|apps/union-eyes/db/migrations/0008_lean_mother_askani.sql|apps/union-eyes/db/migrations/0008_lean_mother_askani.sql|apps/union-eyes/db/migrations/0008_lean_mother_askani.sql|apps/union-eyes/db/migrations/0008_lean_mother_askani.sql|apps/union-eyes/db/migrations/0008_lean_mother_askani.sql|apps/union-eyes/db/migrations/0008_lean_mother_askani.sql|apps/union-eyes/db/migrations/0008_lean_mother_askani.sql|apps/union-eyes/db/migrations/0008_lean_mother_askani.sql|apps/union-eyes/db/migrations-audit/0000_familiar_silhouette.sql
external_communication_users,DJANGO_OWNED,apps/union-eyes/backend/core/migrations/0001_initial.py,DJANGO_MIGRATIONS,10,false,tenant,INSERT|UPDATE,true,true,0,2,DJANGO_CANONICAL_LINEAGE,REQUIRED,,domains/data/communication,domains/data/communication.externalCommunicationUsers|db/data/communication.externalCommunicationUsers,apps/union-eyes/backend/core/models.py,apps/union-eyes/backend/core/migrations/0001_initial.py|apps/union-eyes/db/migrations/0008_lean_mother_askani.sql|apps/union-eyes/db/migrations/0008_lean_mother_askani.sql|apps/union-eyes/db/migrations/0008_lean_mother_askani.sql|apps/union-eyes/db/migrations/0008_lean_mother_askani.sql|apps/union-eyes/db/migrations/0008_lean_mother_askani.sql|apps/union-eyes/db/migrations/0008_lean_mother_askani.sql|apps/union-eyes/db/migrations/0008_lean_mother_askani.sql|apps/union-eyes/db/migrations/0008_lean_mother_askani.sql|apps/union-eyes/db/migrations/0008_lean_mother_askani.sql|apps/union-eyes/db/migrations/0008_lean_mother_askani.sql|apps/union-eyes/db/migrations/0008_lean_mother_askani.sql|apps/union-eyes/db/migrations/0008_lean_mother_askani.sql|apps/union-eyes/db/migrations/0008_lean_mother_askani.sql|apps/union-eyes/db/migrations/0008_lean_mother_askani.sql|apps/union-eyes/db/migrations/0008_lean_mother_askani.sql|apps/union-eyes/db/migrations/0008_lean_mother_askani.sql|apps/union-eyes/db/migrations/0008_lean_mother_askani.sql|apps/union-eyes/db/migrations/0008_lean_mother_askani.sql|apps/union-eyes/db/migrations/0008_lean_mother_askani.sql|apps/union-eyes/db/migrations/0008_lean_mother_askani.sql|apps/union-eyes/db/migrations/0008_lean_mother_askani.sql|apps/union-eyes/db/migrations/0008_lean_mother_askani.sql|apps/union-eyes/db/migrations/0008_lean_mother_askani.sql|apps/union-eyes/db/migrations/0008_lean_mother_askani.sql|apps/union-eyes/db/migrations/0008_lean_mother_askani.sql|apps/union-eyes/db/migrations/0008_lean_mother_askani.sql|apps/union-eyes/db/migrations/0008_lean_mother_askani.sql|apps/union-eyes/db/migrations/0008_lean_mother_askani.sql|apps/union-eyes/db/migrations/0008_lean_mother_askani.sql|apps/union-eyes/db/migrations-audit/0000_familiar_silhouette.sql
external_customers,DJANGO_OWNED,apps/union-eyes/backend/core/migrations/0001_initial.py,DJANGO_MIGRATIONS,10,false,tenant,SELECT|INSERT|UPDATE,true,true,6,6,DJANGO_CANONICAL_LINEAGE,REQUIRED,,domains/data/accounting,domains/data/accounting.externalCustomers,apps/union-eyes/backend/core/models.py,apps/union-eyes/backend/core/migrations/0001_initial.py|apps/union-eyes/db/migrations/0008_lean_mother_askani.sql|apps/union-eyes/db/migrations/0008_lean_mother_askani.sql|apps/union-eyes/db/migrations/0008_lean_mother_askani.sql|apps/union-eyes/db/migrations/0008_lean_mother_askani.sql|apps/union-eyes/db/migrations/0008_lean_mother_askani.sql|apps/union-eyes/db/migrations/0008_lean_mother_askani.sql|apps/union-eyes/db/migrations/0008_lean_mother_askani.sql|apps/union-eyes/db/migrations/0008_lean_mother_askani.sql|apps/union-eyes/db/migrations/0008_lean_mother_askani.sql|apps/union-eyes/db/migrations/0008_lean_mother_askani.sql|apps/union-eyes/db/migrations/0008_lean_mother_askani.sql|apps/union-eyes/db/migrations/0008_lean_mother_askani.sql|apps/union-eyes/db/migrations/0008_lean_mother_askani.sql|apps/union-eyes/db/migrations/0008_lean_mother_askani.sql|apps/union-eyes/db/migrations/0008_lean_mother_askani.sql|apps/union-eyes/db/migrations/0008_lean_mother_askani.sql|apps/union-eyes/db/migrations/0008_lean_mother_askani.sql|apps/union-eyes/db/migrations/0008_lean_mother_askani.sql|apps/union-eyes/db/migrations/0008_lean_mother_askani.sql|apps/union-eyes/db/migrations/0008_lean_mother_askani.sql|apps/union-eyes/db/migrations/0008_lean_mother_askani.sql|apps/union-eyes/db/migrations/0008_lean_mother_askani.sql|apps/union-eyes/db/migrations/0008_lean_mother_askani.sql|apps/union-eyes/db/migrations/0008_lean_mother_askani.sql|apps/union-eyes/db/migrations/0008_lean_mother_askani.sql|apps/union-eyes/db/migrations/0008_lean_mother_askani.sql|apps/union-eyes/db/migrations/0008_lean_mother_askani.sql|apps/union-eyes/db/migrations/0008_lean_mother_askani.sql|apps/union-eyes/db/migrations/0008_lean_mother_askani.sql|apps/union-eyes/db/migrations/20260213_add_accounting_tables_fixed.sql|apps/union-eyes/db/migrations-audit/0000_familiar_silhouette.sql
external_data_sync_log,DJANGO_OWNED,apps/union-eyes/backend/analytics/migrations/0001_initial.py,DJANGO_MIGRATIONS,10,false,mixed,INSERT|UPDATE,false,true,2,1,DJANGO_CANONICAL_LINEAGE,REQUIRED,,domains/data/benchmarks,domains/data/benchmarks.externalDataSyncLog|wage-benchmarks-schema.externalDataSyncLog,apps/union-eyes/backend/analytics/models.py,apps/union-eyes/backend/analytics/migrations/0001_initial.py|apps/union-eyes/db/migrations/0007_add_wage_benchmarks.sql|apps/union-eyes/db/migrations/0083_data_source_tables.sql|apps/union-eyes/db/migrations/20260507_fixup_pre_0008_missing_tables.sql|apps/union-eyes/db/migrations/manual/0062_add_wage_benchmarks_only.sql|apps/union-eyes/db/migrations-audit/0000_familiar_silhouette.sql
external_departments,DJANGO_OWNED,apps/union-eyes/backend/core/migrations/0001_initial.py,DJANGO_MIGRATIONS,10,false,tenant,SELECT|INSERT|UPDATE,true,true,3,3,DJANGO_CANONICAL_LINEAGE,REQUIRED,,domains/data/hris,domains/data/hris.externalDepartments,apps/union-eyes/backend/core/models.py,apps/union-eyes/backend/core/migrations/0001_initial.py|apps/union-eyes/db/migrations/0008_lean_mother_askani.sql|apps/union-eyes/db/migrations/0008_lean_mother_askani.sql|apps/union-eyes/db/migrations/0008_lean_mother_askani.sql|apps/union-eyes/db/migrations/0008_lean_mother_askani.sql|apps/union-eyes/db/migrations/0008_lean_mother_askani.sql|apps/union-eyes/db/migrations/0008_lean_mother_askani.sql|apps/union-eyes/db/migrations/0008_lean_mother_askani.sql|apps/union-eyes/db/migrations/0008_lean_mother_askani.sql|apps/union-eyes/db/migrations/0008_lean_mother_askani.sql|apps/union-eyes/db/migrations/0008_lean_mother_askani.sql|apps/union-eyes/db/migrations/0008_lean_mother_askani.sql|apps/union-eyes/db/migrations/0008_lean_mother_askani.sql|apps/union-eyes/db/migrations/0008_lean_mother_askani.sql|apps/union-eyes/db/migrations/0008_lean_mother_askani.sql|apps/union-eyes/db/migrations/0008_lean_mother_askani.sql|apps/union-eyes/db/migrations/0008_lean_mother_askani.sql|apps/union-eyes/db/migrations/0008_lean_mother_askani.sql|apps/union-eyes/db/migrations/0008_lean_mother_askani.sql|apps/union-eyes/db/migrations/0008_lean_mother_askani.sql|apps/union-eyes/db/migrations/0008_lean_mother_askani.sql|apps/union-eyes/db/migrations/0008_lean_mother_askani.sql|apps/union-eyes/db/migrations/0008_lean_mother_askani.sql|apps/union-eyes/db/migrations/0008_lean_mother_askani.sql|apps/union-eyes/db/migrations/0008_lean_mother_askani.sql|apps/union-eyes/db/migrations/0008_lean_mother_askani.sql|apps/union-eyes/db/migrations/0008_lean_mother_askani.sql|apps/union-eyes/db/migrations/0008_lean_mother_askani.sql|apps/union-eyes/db/migrations/0008_lean_mother_askani.sql|apps/union-eyes/db/migrations/0008_lean_mother_askani.sql|apps/union-eyes/db/migrations/20260212_add_hris_tables_fixed.sql|apps/union-eyes/db/migrations-audit/0000_familiar_silhouette.sql
external_document_access_grants,SCOPED_AUTHORITY_OWNED,apps/union-eyes/db/migrations/20260915_external_representation_authority.sql,UNION_EYES_LEGACY_SQL,20,true,tenant,SELECT|INSERT|UPDATE,true,true,2,2,ACTIVE_SQL_PLATFORM_LINEAGE,REQUIRED,,representation-authority-schema,representation-authority-schema.externalDocumentAccessGrants,,apps/union-eyes/db/migrations/20260915_external_representation_authority.sql|apps/union-eyes/db/migrations-cache/0006_external_specialist_runtime_privilege_closure.sql
external_employees,DJANGO_OWNED,apps/union-eyes/backend/core/migrations/0001_initial.py,DJANGO_MIGRATIONS,10,false,tenant,SELECT|INSERT|UPDATE,true,true,4,4,DJANGO_CANONICAL_LINEAGE,REQUIRED,,domains/data/hris,domains/data/hris.externalEmployees,apps/union-eyes/backend/core/models.py,apps/union-eyes/backend/core/migrations/0001_initial.py|apps/union-eyes/db/migrations/0008_lean_mother_askani.sql|apps/union-eyes/db/migrations/0008_lean_mother_askani.sql|apps/union-eyes/db/migrations/0008_lean_mother_askani.sql|apps/union-eyes/db/migrations/0008_lean_mother_askani.sql|apps/union-eyes/db/migrations/0008_lean_mother_askani.sql|apps/union-eyes/db/migrations/0008_lean_mother_askani.sql|apps/union-eyes/db/migrations/0008_lean_mother_askani.sql|apps/union-eyes/db/migrations/0008_lean_mother_askani.sql|apps/union-eyes/db/migrations/0008_lean_mother_askani.sql|apps/union-eyes/db/migrations/0008_lean_mother_askani.sql|apps/union-eyes/db/migrations/0008_lean_mother_askani.sql|apps/union-eyes/db/migrations/0008_lean_mother_askani.sql|apps/union-eyes/db/migrations/0008_lean_mother_askani.sql|apps/union-eyes/db/migrations/0008_lean_mother_askani.sql|apps/union-eyes/db/migrations/0008_lean_mother_askani.sql|apps/union-eyes/db/migrations/0008_lean_mother_askani.sql|apps/union-eyes/db/migrations/0008_lean_mother_askani.sql|apps/union-eyes/db/migrations/0008_lean_mother_askani.sql|apps/union-eyes/db/migrations/0008_lean_mother_askani.sql|apps/union-eyes/db/migrations/0008_lean_mother_askani.sql|apps/union-eyes/db/migrations/0008_lean_mother_askani.sql|apps/union-eyes/db/migrations/0008_lean_mother_askani.sql|apps/union-eyes/db/migrations/0008_lean_mother_askani.sql|apps/union-eyes/db/migrations/0008_lean_mother_askani.sql|apps/union-eyes/db/migrations/0008_lean_mother_askani.sql|apps/union-eyes/db/migrations/0008_lean_mother_askani.sql|apps/union-eyes/db/migrations/0008_lean_mother_askani.sql|apps/union-eyes/db/migrations/0008_lean_mother_askani.sql|apps/union-eyes/db/migrations/0008_lean_mother_askani.sql|apps/union-eyes/db/migrations/20260212_add_hris_tables_fixed.sql|apps/union-eyes/db/migrations-audit/0000_familiar_silhouette.sql
external_insurance_beneficiaries,DJANGO_OWNED,apps/union-eyes/backend/core/migrations/0001_initial.py,DJANGO_MIGRATIONS,10,false,tenant,SELECT|INSERT|UPDATE,true,true,3,3,DJANGO_CANONICAL_LINEAGE,REQUIRED,,domains/data/insurance,domains/data/insurance.externalInsuranceBeneficiaries,apps/union-eyes/backend/core/models.py,apps/union-eyes/backend/core/migrations/0001_initial.py|apps/union-eyes/db/migrations/0008_lean_mother_askani.sql|apps/union-eyes/db/migrations/0008_lean_mother_askani.sql|apps/union-eyes/db/migrations/0008_lean_mother_askani.sql|apps/union-eyes/db/migrations/0008_lean_mother_askani.sql|apps/union-eyes/db/migrations/0008_lean_mother_askani.sql|apps/union-eyes/db/migrations/0008_lean_mother_askani.sql|apps/union-eyes/db/migrations/0008_lean_mother_askani.sql|apps/union-eyes/db/migrations/0008_lean_mother_askani.sql|apps/union-eyes/db/migrations/0008_lean_mother_askani.sql|apps/union-eyes/db/migrations/0008_lean_mother_askani.sql|apps/union-eyes/db/migrations/0008_lean_mother_askani.sql|apps/union-eyes/db/migrations/0008_lean_mother_askani.sql|apps/union-eyes/db/migrations/0008_lean_mother_askani.sql|apps/union-eyes/db/migrations/0008_lean_mother_askani.sql|apps/union-eyes/db/migrations/0008_lean_mother_askani.sql|apps/union-eyes/db/migrations/0008_lean_mother_askani.sql|apps/union-eyes/db/migrations/0008_lean_mother_askani.sql|apps/union-eyes/db/migrations/0008_lean_mother_askani.sql|apps/union-eyes/db/migrations/0008_lean_mother_askani.sql|apps/union-eyes/db/migrations/0008_lean_mother_askani.sql|apps/union-eyes/db/migrations/0008_lean_mother_askani.sql|apps/union-eyes/db/migrations/0008_lean_mother_askani.sql|apps/union-eyes/db/migrations/0008_lean_mother_askani.sql|apps/union-eyes/db/migrations/0008_lean_mother_askani.sql|apps/union-eyes/db/migrations/0008_lean_mother_askani.sql|apps/union-eyes/db/migrations/0008_lean_mother_askani.sql|apps/union-eyes/db/migrations/0008_lean_mother_askani.sql|apps/union-eyes/db/migrations/0008_lean_mother_askani.sql|apps/union-eyes/db/migrations/0008_lean_mother_askani.sql|apps/union-eyes/db/migrations-audit/0000_familiar_silhouette.sql
external_insurance_claims,DJANGO_OWNED,apps/union-eyes/backend/core/migrations/0001_initial.py,DJANGO_MIGRATIONS,10,false,tenant,SELECT|INSERT|UPDATE,true,true,5,4,DJANGO_CANONICAL_LINEAGE,REQUIRED,,domains/data/insurance,domains/data/insurance.externalInsuranceClaims,apps/union-eyes/backend/core/models.py,apps/union-eyes/backend/core/migrations/0001_initial.py|apps/union-eyes/db/migrations/0008_lean_mother_askani.sql|apps/union-eyes/db/migrations/0008_lean_mother_askani.sql|apps/union-eyes/db/migrations/0008_lean_mother_askani.sql|apps/union-eyes/db/migrations/0008_lean_mother_askani.sql|apps/union-eyes/db/migrations/0008_lean_mother_askani.sql|apps/union-eyes/db/migrations/0008_lean_mother_askani.sql|apps/union-eyes/db/migrations/0008_lean_mother_askani.sql|apps/union-eyes/db/migrations/0008_lean_mother_askani.sql|apps/union-eyes/db/migrations/0008_lean_mother_askani.sql|apps/union-eyes/db/migrations/0008_lean_mother_askani.sql|apps/union-eyes/db/migrations/0008_lean_mother_askani.sql|apps/union-eyes/db/migrations/0008_lean_mother_askani.sql|apps/union-eyes/db/migrations/0008_lean_mother_askani.sql|apps/union-eyes/db/migrations/0008_lean_mother_askani.sql|apps/union-eyes/db/migrations/0008_lean_mother_askani.sql|apps/union-eyes/db/migrations/0008_lean_mother_askani.sql|apps/union-eyes/db/migrations/0008_lean_mother_askani.sql|apps/union-eyes/db/migrations/0008_lean_mother_askani.sql|apps/union-eyes/db/migrations/0008_lean_mother_askani.sql|apps/union-eyes/db/migrations/0008_lean_mother_askani.sql|apps/union-eyes/db/migrations/0008_lean_mother_askani.sql|apps/union-eyes/db/migrations/0008_lean_mother_askani.sql|apps/union-eyes/db/migrations/0008_lean_mother_askani.sql|apps/union-eyes/db/migrations/0008_lean_mother_askani.sql|apps/union-eyes/db/migrations/0008_lean_mother_askani.sql|apps/union-eyes/db/migrations/0008_lean_mother_askani.sql|apps/union-eyes/db/migrations/0008_lean_mother_askani.sql|apps/union-eyes/db/migrations/0008_lean_mother_askani.sql|apps/union-eyes/db/migrations/0008_lean_mother_askani.sql|apps/union-eyes/db/migrations-audit/0000_familiar_silhouette.sql
external_insurance_policies,DJANGO_OWNED,apps/union-eyes/backend/core/migrations/0001_initial.py,DJANGO_MIGRATIONS,10,false,tenant,SELECT|INSERT|UPDATE,true,true,4,3,DJANGO_CANONICAL_LINEAGE,REQUIRED,,domains/data/insurance,domains/data/insurance.externalInsurancePolicies,apps/union-eyes/backend/core/models.py,apps/union-eyes/backend/core/migrations/0001_initial.py|apps/union-eyes/db/migrations/0008_lean_mother_askani.sql|apps/union-eyes/db/migrations/0008_lean_mother_askani.sql|apps/union-eyes/db/migrations/0008_lean_mother_askani.sql|apps/union-eyes/db/migrations/0008_lean_mother_askani.sql|apps/union-eyes/db/migrations/0008_lean_mother_askani.sql|apps/union-eyes/db/migrations/0008_lean_mother_askani.sql|apps/union-eyes/db/migrations/0008_lean_mother_askani.sql|apps/union-eyes/db/migrations/0008_lean_mother_askani.sql|apps/union-eyes/db/migrations/0008_lean_mother_askani.sql|apps/union-eyes/db/migrations/0008_lean_mother_askani.sql|apps/union-eyes/db/migrations/0008_lean_mother_askani.sql|apps/union-eyes/db/migrations/0008_lean_mother_askani.sql|apps/union-eyes/db/migrations/0008_lean_mother_askani.sql|apps/union-eyes/db/migrations/0008_lean_mother_askani.sql|apps/union-eyes/db/migrations/0008_lean_mother_askani.sql|apps/union-eyes/db/migrations/0008_lean_mother_askani.sql|apps/union-eyes/db/migrations/0008_lean_mother_askani.sql|apps/union-eyes/db/migrations/0008_lean_mother_askani.sql|apps/union-eyes/db/migrations/0008_lean_mother_askani.sql|apps/union-eyes/db/migrations/0008_lean_mother_askani.sql|apps/union-eyes/db/migrations/0008_lean_mother_askani.sql|apps/union-eyes/db/migrations/0008_lean_mother_askani.sql|apps/union-eyes/db/migrations/0008_lean_mother_askani.sql|apps/union-eyes/db/migrations/0008_lean_mother_askani.sql|apps/union-eyes/db/migrations/0008_lean_mother_askani.sql|apps/union-eyes/db/migrations/0008_lean_mother_askani.sql|apps/union-eyes/db/migrations/0008_lean_mother_askani.sql|apps/union-eyes/db/migrations/0008_lean_mother_askani.sql|apps/union-eyes/db/migrations/0008_lean_mother_askani.sql|apps/union-eyes/db/migrations-audit/0000_familiar_silhouette.sql
external_invoices,DJANGO_OWNED,apps/union-eyes/backend/core/migrations/0001_initial.py,DJANGO_MIGRATIONS,10,false,tenant,SELECT|INSERT,true,true,6,6,DJANGO_CANONICAL_LINEAGE,REQUIRED,,domains/data/accounting,domains/data/accounting.externalInvoices,apps/union-eyes/backend/core/models.py,apps/union-eyes/backend/core/migrations/0001_initial.py|apps/union-eyes/db/migrations/0008_lean_mother_askani.sql|apps/union-eyes/db/migrations/0008_lean_mother_askani.sql|apps/union-eyes/db/migrations/0008_lean_mother_askani.sql|apps/union-eyes/db/migrations/0008_lean_mother_askani.sql|apps/union-eyes/db/migrations/0008_lean_mother_askani.sql|apps/union-eyes/db/migrations/0008_lean_mother_askani.sql|apps/union-eyes/db/migrations/0008_lean_mother_askani.sql|apps/union-eyes/db/migrations/0008_lean_mother_askani.sql|apps/union-eyes/db/migrations/0008_lean_mother_askani.sql|apps/union-eyes/db/migrations/0008_lean_mother_askani.sql|apps/union-eyes/db/migrations/0008_lean_mother_askani.sql|apps/union-eyes/db/migrations/0008_lean_mother_askani.sql|apps/union-eyes/db/migrations/0008_lean_mother_askani.sql|apps/union-eyes/db/migrations/0008_lean_mother_askani.sql|apps/union-eyes/db/migrations/0008_lean_mother_askani.sql|apps/union-eyes/db/migrations/0008_lean_mother_askani.sql|apps/union-eyes/db/migrations/0008_lean_mother_askani.sql|apps/union-eyes/db/migrations/0008_lean_mother_askani.sql|apps/union-eyes/db/migrations/0008_lean_mother_askani.sql|apps/union-eyes/db/migrations/0008_lean_mother_askani.sql|apps/union-eyes/db/migrations/0008_lean_mother_askani.sql|apps/union-eyes/db/migrations/0008_lean_mother_askani.sql|apps/union-eyes/db/migrations/0008_lean_mother_askani.sql|apps/union-eyes/db/migrations/0008_lean_mother_askani.sql|apps/union-eyes/db/migrations/0008_lean_mother_askani.sql|apps/union-eyes/db/migrations/0008_lean_mother_askani.sql|apps/union-eyes/db/migrations/0008_lean_mother_askani.sql|apps/union-eyes/db/migrations/0008_lean_mother_askani.sql|apps/union-eyes/db/migrations/0008_lean_mother_askani.sql|apps/union-eyes/db/migrations/20260213_add_accounting_tables_fixed.sql|apps/union-eyes/db/migrations/20260324_add_remaining_missing_tables.sql|apps/union-eyes/db/migrations-audit/0000_familiar_silhouette.sql
external_lms_completions,DJANGO_OWNED,apps/union-eyes/backend/core/migrations/0001_initial.py,DJANGO_MIGRATIONS,10,false,tenant,INSERT|UPDATE,true,true,0,1,DJANGO_CANONICAL_LINEAGE,REQUIRED,,domains/data/lms,domains/data/lms.externalLmsCompletions,apps/union-eyes/backend/core/models.py,apps/union-eyes/backend/core/migrations/0001_initial.py|apps/union-eyes/db/migrations/0008_lean_mother_askani.sql|apps/union-eyes/db/migrations/0008_lean_mother_askani.sql|apps/union-eyes/db/migrations/0008_lean_mother_askani.sql|apps/union-eyes/db/migrations/0008_lean_mother_askani.sql|apps/union-eyes/db/migrations/0008_lean_mother_askani.sql|apps/union-eyes/db/migrations/0008_lean_mother_askani.sql|apps/union-eyes/db/migrations/0008_lean_mother_askani.sql|apps/union-eyes/db/migrations/0008_lean_mother_askani.sql|apps/union-eyes/db/migrations/0008_lean_mother_askani.sql|apps/union-eyes/db/migrations/0008_lean_mother_askani.sql|apps/union-eyes/db/migrations/0008_lean_mother_askani.sql|apps/union-eyes/db/migrations/0008_lean_mother_askani.sql|apps/union-eyes/db/migrations/0008_lean_mother_askani.sql|apps/union-eyes/db/migrations/0008_lean_mother_askani.sql|apps/union-eyes/db/migrations/0008_lean_mother_askani.sql|apps/union-eyes/db/migrations/0008_lean_mother_askani.sql|apps/union-eyes/db/migrations/0008_lean_mother_askani.sql|apps/union-eyes/db/migrations/0008_lean_mother_askani.sql|apps/union-eyes/db/migrations/0008_lean_mother_askani.sql|apps/union-eyes/db/migrations/0008_lean_mother_askani.sql|apps/union-eyes/db/migrations/0008_lean_mother_askani.sql|apps/union-eyes/db/migrations/0008_lean_mother_askani.sql|apps/union-eyes/db/migrations/0008_lean_mother_askani.sql|apps/union-eyes/db/migrations/0008_lean_mother_askani.sql|apps/union-eyes/db/migrations/0008_lean_mother_askani.sql|apps/union-eyes/db/migrations/0008_lean_mother_askani.sql|apps/union-eyes/db/migrations/0008_lean_mother_askani.sql|apps/union-eyes/db/migrations/0008_lean_mother_askani.sql|apps/union-eyes/db/migrations/0008_lean_mother_askani.sql|apps/union-eyes/db/migrations-audit/0000_familiar_silhouette.sql
external_lms_courses,DJANGO_OWNED,apps/union-eyes/backend/core/migrations/0001_initial.py,DJANGO_MIGRATIONS,10,false,tenant,INSERT|UPDATE,true,true,0,1,DJANGO_CANONICAL_LINEAGE,REQUIRED,,domains/data/lms,domains/data/lms.externalLmsCourses,apps/union-eyes/backend/core/models.py,apps/union-eyes/backend/core/migrations/0001_initial.py|apps/union-eyes/db/migrations/0008_lean_mother_askani.sql|apps/union-eyes/db/migrations/0008_lean_mother_askani.sql|apps/union-eyes/db/migrations/0008_lean_mother_askani.sql|apps/union-eyes/db/migrations/0008_lean_mother_askani.sql|apps/union-eyes/db/migrations/0008_lean_mother_askani.sql|apps/union-eyes/db/migrations/0008_lean_mother_askani.sql|apps/union-eyes/db/migrations/0008_lean_mother_askani.sql|apps/union-eyes/db/migrations/0008_lean_mother_askani.sql|apps/union-eyes/db/migrations/0008_lean_mother_askani.sql|apps/union-eyes/db/migrations/0008_lean_mother_askani.sql|apps/union-eyes/db/migrations/0008_lean_mother_askani.sql|apps/union-eyes/db/migrations/0008_lean_mother_askani.sql|apps/union-eyes/db/migrations/0008_lean_mother_askani.sql|apps/union-eyes/db/migrations/0008_lean_mother_askani.sql|apps/union-eyes/db/migrations/0008_lean_mother_askani.sql|apps/union-eyes/db/migrations/0008_lean_mother_askani.sql|apps/union-eyes/db/migrations/0008_lean_mother_askani.sql|apps/union-eyes/db/migrations/0008_lean_mother_askani.sql|apps/union-eyes/db/migrations/0008_lean_mother_askani.sql|apps/union-eyes/db/migrations/0008_lean_mother_askani.sql|apps/union-eyes/db/migrations/0008_lean_mother_askani.sql|apps/union-eyes/db/migrations/0008_lean_mother_askani.sql|apps/union-eyes/db/migrations/0008_lean_mother_askani.sql|apps/union-eyes/db/migrations/0008_lean_mother_askani.sql|apps/union-eyes/db/migrations/0008_lean_mother_askani.sql|apps/union-eyes/db/migrations/0008_lean_mother_askani.sql|apps/union-eyes/db/migrations/0008_lean_mother_askani.sql|apps/union-eyes/db/migrations/0008_lean_mother_askani.sql|apps/union-eyes/db/migrations/0008_lean_mother_askani.sql|apps/union-eyes/db/migrations-audit/0000_familiar_silhouette.sql
external_lms_enrollments,DJANGO_OWNED,apps/union-eyes/backend/core/migrations/0001_initial.py,DJANGO_MIGRATIONS,10,false,tenant,INSERT|UPDATE,true,true,0,1,DJANGO_CANONICAL_LINEAGE,REQUIRED,,domains/data/lms,domains/data/lms.externalLmsEnrollments,apps/union-eyes/backend/core/models.py,apps/union-eyes/backend/core/migrations/0001_initial.py|apps/union-eyes/db/migrations/0008_lean_mother_askani.sql|apps/union-eyes/db/migrations/0008_lean_mother_askani.sql|apps/union-eyes/db/migrations/0008_lean_mother_askani.sql|apps/union-eyes/db/migrations/0008_lean_mother_askani.sql|apps/union-eyes/db/migrations/0008_lean_mother_askani.sql|apps/union-eyes/db/migrations/0008_lean_mother_askani.sql|apps/union-eyes/db/migrations/0008_lean_mother_askani.sql|apps/union-eyes/db/migrations/0008_lean_mother_askani.sql|apps/union-eyes/db/migrations/0008_lean_mother_askani.sql|apps/union-eyes/db/migrations/0008_lean_mother_askani.sql|apps/union-eyes/db/migrations/0008_lean_mother_askani.sql|apps/union-eyes/db/migrations/0008_lean_mother_askani.sql|apps/union-eyes/db/migrations/0008_lean_mother_askani.sql|apps/union-eyes/db/migrations/0008_lean_mother_askani.sql|apps/union-eyes/db/migrations/0008_lean_mother_askani.sql|apps/union-eyes/db/migrations/0008_lean_mother_askani.sql|apps/union-eyes/db/migrations/0008_lean_mother_askani.sql|apps/union-eyes/db/migrations/0008_lean_mother_askani.sql|apps/union-eyes/db/migrations/0008_lean_mother_askani.sql|apps/union-eyes/db/migrations/0008_lean_mother_askani.sql|apps/union-eyes/db/migrations/0008_lean_mother_askani.sql|apps/union-eyes/db/migrations/0008_lean_mother_askani.sql|apps/union-eyes/db/migrations/0008_lean_mother_askani.sql|apps/union-eyes/db/migrations/0008_lean_mother_askani.sql|apps/union-eyes/db/migrations/0008_lean_mother_askani.sql|apps/union-eyes/db/migrations/0008_lean_mother_askani.sql|apps/union-eyes/db/migrations/0008_lean_mother_askani.sql|apps/union-eyes/db/migrations/0008_lean_mother_askani.sql|apps/union-eyes/db/migrations/0008_lean_mother_askani.sql|apps/union-eyes/db/migrations-audit/0000_familiar_silhouette.sql
external_lms_learners,DJANGO_OWNED,apps/union-eyes/backend/core/migrations/0001_initial.py,DJANGO_MIGRATIONS,10,false,tenant,INSERT|UPDATE,true,true,0,1,DJANGO_CANONICAL_LINEAGE,REQUIRED,,domains/data/lms,domains/data/lms.externalLmsLearners,apps/union-eyes/backend/core/models.py,apps/union-eyes/backend/core/migrations/0001_initial.py|apps/union-eyes/db/migrations/0008_lean_mother_askani.sql|apps/union-eyes/db/migrations/0008_lean_mother_askani.sql|apps/union-eyes/db/migrations/0008_lean_mother_askani.sql|apps/union-eyes/db/migrations/0008_lean_mother_askani.sql|apps/union-eyes/db/migrations/0008_lean_mother_askani.sql|apps/union-eyes/db/migrations/0008_lean_mother_askani.sql|apps/union-eyes/db/migrations/0008_lean_mother_askani.sql|apps/union-eyes/db/migrations/0008_lean_mother_askani.sql|apps/union-eyes/db/migrations/0008_lean_mother_askani.sql|apps/union-eyes/db/migrations/0008_lean_mother_askani.sql|apps/union-eyes/db/migrations/0008_lean_mother_askani.sql|apps/union-eyes/db/migrations/0008_lean_mother_askani.sql|apps/union-eyes/db/migrations/0008_lean_mother_askani.sql|apps/union-eyes/db/migrations/0008_lean_mother_askani.sql|apps/union-eyes/db/migrations/0008_lean_mother_askani.sql|apps/union-eyes/db/migrations/0008_lean_mother_askani.sql|apps/union-eyes/db/migrations/0008_lean_mother_askani.sql|apps/union-eyes/db/migrations/0008_lean_mother_askani.sql|apps/union-eyes/db/migrations/0008_lean_mother_askani.sql|apps/union-eyes/db/migrations/0008_lean_mother_askani.sql|apps/union-eyes/db/migrations/0008_lean_mother_askani.sql|apps/union-eyes/db/migrations/0008_lean_mother_askani.sql|apps/union-eyes/db/migrations/0008_lean_mother_askani.sql|apps/union-eyes/db/migrations/0008_lean_mother_askani.sql|apps/union-eyes/db/migrations/0008_lean_mother_askani.sql|apps/union-eyes/db/migrations/0008_lean_mother_askani.sql|apps/union-eyes/db/migrations/0008_lean_mother_askani.sql|apps/union-eyes/db/migrations/0008_lean_mother_askani.sql|apps/union-eyes/db/migrations/0008_lean_mother_askani.sql|apps/union-eyes/db/migrations-audit/0000_familiar_silhouette.sql
external_lms_progress,DJANGO_OWNED,apps/union-eyes/backend/core/migrations/0001_initial.py,DJANGO_MIGRATIONS,10,false,tenant,INSERT|UPDATE,true,true,0,1,DJANGO_CANONICAL_LINEAGE,REQUIRED,,domains/data/lms,domains/data/lms.externalLmsProgress,apps/union-eyes/backend/core/models.py,apps/union-eyes/backend/core/migrations/0001_initial.py|apps/union-eyes/db/migrations/0008_lean_mother_askani.sql|apps/union-eyes/db/migrations/0008_lean_mother_askani.sql|apps/union-eyes/db/migrations/0008_lean_mother_askani.sql|apps/union-eyes/db/migrations/0008_lean_mother_askani.sql|apps/union-eyes/db/migrations/0008_lean_mother_askani.sql|apps/union-eyes/db/migrations/0008_lean_mother_askani.sql|apps/union-eyes/db/migrations/0008_lean_mother_askani.sql|apps/union-eyes/db/migrations/0008_lean_mother_askani.sql|apps/union-eyes/db/migrations/0008_lean_mother_askani.sql|apps/union-eyes/db/migrations/0008_lean_mother_askani.sql|apps/union-eyes/db/migrations/0008_lean_mother_askani.sql|apps/union-eyes/db/migrations/0008_lean_mother_askani.sql|apps/union-eyes/db/migrations/0008_lean_mother_askani.sql|apps/union-eyes/db/migrations/0008_lean_mother_askani.sql|apps/union-eyes/db/migrations/0008_lean_mother_askani.sql|apps/union-eyes/db/migrations/0008_lean_mother_askani.sql|apps/union-eyes/db/migrations/0008_lean_mother_askani.sql|apps/union-eyes/db/migrations/0008_lean_mother_askani.sql|apps/union-eyes/db/migrations/0008_lean_mother_askani.sql|apps/union-eyes/db/migrations/0008_lean_mother_askani.sql|apps/union-eyes/db/migrations/0008_lean_mother_askani.sql|apps/union-eyes/db/migrations/0008_lean_mother_askani.sql|apps/union-eyes/db/migrations/0008_lean_mother_askani.sql|apps/union-eyes/db/migrations/0008_lean_mother_askani.sql|apps/union-eyes/db/migrations/0008_lean_mother_askani.sql|apps/union-eyes/db/migrations/0008_lean_mother_askani.sql|apps/union-eyes/db/migrations/0008_lean_mother_askani.sql|apps/union-eyes/db/migrations/0008_lean_mother_askani.sql|apps/union-eyes/db/migrations/0008_lean_mother_askani.sql|apps/union-eyes/db/migrations-audit/0000_familiar_silhouette.sql
external_matter_access_grants,SCOPED_AUTHORITY_OWNED,apps/union-eyes/db/migrations/20260915_external_representation_authority.sql,UNION_EYES_LEGACY_SQL,20,true,tenant,SELECT|INSERT|UPDATE,true,true,1,0,ACTIVE_SQL_PLATFORM_LINEAGE,REQUIRED,,representation-authority-schema,representation-authority-schema.externalMatterAccessGrants,,apps/union-eyes/db/migrations/20260915_external_representation_authority.sql|apps/union-eyes/db/migrations-cache/0006_external_specialist_runtime_privilege_closure.sql
external_payments,DJANGO_OWNED,apps/union-eyes/backend/core/migrations/0001_initial.py,DJANGO_MIGRATIONS,10,false,tenant,SELECT|INSERT|UPDATE,true,true,6,6,DJANGO_CANONICAL_LINEAGE,REQUIRED,,domains/data/accounting,domains/data/accounting.externalPayments,apps/union-eyes/backend/core/models.py,apps/union-eyes/backend/core/migrations/0001_initial.py|apps/union-eyes/db/migrations/0008_lean_mother_askani.sql|apps/union-eyes/db/migrations/0008_lean_mother_askani.sql|apps/union-eyes/db/migrations/0008_lean_mother_askani.sql|apps/union-eyes/db/migrations/0008_lean_mother_askani.sql|apps/union-eyes/db/migrations/0008_lean_mother_askani.sql|apps/union-eyes/db/migrations/0008_lean_mother_askani.sql|apps/union-eyes/db/migrations/0008_lean_mother_askani.sql|apps/union-eyes/db/migrations/0008_lean_mother_askani.sql|apps/union-eyes/db/migrations/0008_lean_mother_askani.sql|apps/union-eyes/db/migrations/0008_lean_mother_askani.sql|apps/union-eyes/db/migrations/0008_lean_mother_askani.sql|apps/union-eyes/db/migrations/0008_lean_mother_askani.sql|apps/union-eyes/db/migrations/0008_lean_mother_askani.sql|apps/union-eyes/db/migrations/0008_lean_mother_askani.sql|apps/union-eyes/db/migrations/0008_lean_mother_askani.sql|apps/union-eyes/db/migrations/0008_lean_mother_askani.sql|apps/union-eyes/db/migrations/0008_lean_mother_askani.sql|apps/union-eyes/db/migrations/0008_lean_mother_askani.sql|apps/union-eyes/db/migrations/0008_lean_mother_askani.sql|apps/union-eyes/db/migrations/0008_lean_mother_askani.sql|apps/union-eyes/db/migrations/0008_lean_mother_askani.sql|apps/union-eyes/db/migrations/0008_lean_mother_askani.sql|apps/union-eyes/db/migrations/0008_lean_mother_askani.sql|apps/union-eyes/db/migrations/0008_lean_mother_askani.sql|apps/union-eyes/db/migrations/0008_lean_mother_askani.sql|apps/union-eyes/db/migrations/0008_lean_mother_askani.sql|apps/union-eyes/db/migrations/0008_lean_mother_askani.sql|apps/union-eyes/db/migrations/0008_lean_mother_askani.sql|apps/union-eyes/db/migrations/0008_lean_mother_askani.sql|apps/union-eyes/db/migrations/20260213_add_accounting_tables_fixed.sql|apps/union-eyes/db/migrations-audit/0000_familiar_silhouette.sql
external_positions,DJANGO_OWNED,apps/union-eyes/backend/core/migrations/0001_initial.py,DJANGO_MIGRATIONS,10,false,tenant,SELECT|INSERT|UPDATE,true,true,1,1,DJANGO_CANONICAL_LINEAGE,REQUIRED,,domains/data/hris,domains/data/hris.externalPositions,apps/union-eyes/backend/core/models.py,apps/union-eyes/backend/core/migrations/0001_initial.py|apps/union-eyes/db/migrations/0008_lean_mother_askani.sql|apps/union-eyes/db/migrations/0008_lean_mother_askani.sql|apps/union-eyes/db/migrations/0008_lean_mother_askani.sql|apps/union-eyes/db/migrations/0008_lean_mother_askani.sql|apps/union-eyes/db/migrations/0008_lean_mother_askani.sql|apps/union-eyes/db/migrations/0008_lean_mother_askani.sql|apps/union-eyes/db/migrations/0008_lean_mother_askani.sql|apps/union-eyes/db/migrations/0008_lean_mother_askani.sql|apps/union-eyes/db/migrations/0008_lean_mother_askani.sql|apps/union-eyes/db/migrations/0008_lean_mother_askani.sql|apps/union-eyes/db/migrations/0008_lean_mother_askani.sql|apps/union-eyes/db/migrations/0008_lean_mother_askani.sql|apps/union-eyes/db/migrations/0008_lean_mother_askani.sql|apps/union-eyes/db/migrations/0008_lean_mother_askani.sql|apps/union-eyes/db/migrations/0008_lean_mother_askani.sql|apps/union-eyes/db/migrations/0008_lean_mother_askani.sql|apps/union-eyes/db/migrations/0008_lean_mother_askani.sql|apps/union-eyes/db/migrations/0008_lean_mother_askani.sql|apps/union-eyes/db/migrations/0008_lean_mother_askani.sql|apps/union-eyes/db/migrations/0008_lean_mother_askani.sql|apps/union-eyes/db/migrations/0008_lean_mother_askani.sql|apps/union-eyes/db/migrations/0008_lean_mother_askani.sql|apps/union-eyes/db/migrations/0008_lean_mother_askani.sql|apps/union-eyes/db/migrations/0008_lean_mother_askani.sql|apps/union-eyes/db/migrations/0008_lean_mother_askani.sql|apps/union-eyes/db/migrations/0008_lean_mother_askani.sql|apps/union-eyes/db/migrations/0008_lean_mother_askani.sql|apps/union-eyes/db/migrations/0008_lean_mother_askani.sql|apps/union-eyes/db/migrations/0008_lean_mother_askani.sql|apps/union-eyes/db/migrations/20260212_add_hris_tables_fixed.sql|apps/union-eyes/db/migrations-audit/0000_familiar_silhouette.sql
feature_flags,DJANGO_OWNED,apps/union-eyes/backend/auth_core/migrations/0001_initial.py,DJANGO_MIGRATIONS,10,false,tenant,SELECT|UPDATE,false,true,3,3,DJANGO_CANONICAL_LINEAGE,REQUIRED,,domains/infrastructure/features,domains/infrastructure/features.featureFlags,apps/union-eyes/backend/auth_core/models.py,apps/union-eyes/backend/auth_core/migrations/0001_initial.py|apps/union-eyes/db/migrations/0005_lazy_kate_bishop.sql|apps/union-eyes/db/migrations/manual/069_feature_flags_system.sql|apps/union-eyes/db/migrations-audit/0000_familiar_silhouette.sql|scripts/stub-migration.sql
federations,DJANGO_OWNED,apps/union-eyes/backend/unions/migrations/0001_initial.py,DJANGO_MIGRATIONS,10,false,tenant,SELECT|INSERT|UPDATE|DELETE,true,true,1,0,DJANGO_CANONICAL_LINEAGE,REQUIRED,,domains/federation/federation-schema,domains/federation/federation-schema.federations,apps/union-eyes/backend/unions/models.py,apps/union-eyes/backend/unions/migrations/0001_initial.py|apps/union-eyes/db/migrations/20260324_add_remaining_missing_tables.sql|apps/union-eyes/db/migrations-audit/0000_familiar_silhouette.sql
fee_adjustments,PLATFORM_SQL_OWNED,apps/union-eyes/db/migrations/0086_monetization_phase2.sql,UNION_EYES_LEGACY_SQL,20,false,tenant,INSERT,true,true,0,1,ACTIVE_SQL_PLATFORM_LINEAGE,REQUIRED,,domains/finance/transaction-fees,domains/finance/transaction-fees.feeAdjustments,,apps/union-eyes/db/migrations/0086_monetization_phase2.sql
financial_periods,DJANGO_OWNED,apps/union-eyes/backend/billing/migrations/0001_initial.py,DJANGO_MIGRATIONS,10,false,tenant,SELECT|INSERT|UPDATE|DELETE,true,true,1,0,DJANGO_CANONICAL_LINEAGE,REQUIRED,,dues-finance-schema,dues-finance-schema.financialPeriods,apps/union-eyes/backend/billing/models.py,apps/union-eyes/backend/billing/migrations/0001_initial.py
gdpr_data_requests,DJANGO_OWNED,apps/union-eyes/backend/compliance/migrations/0001_initial.py,DJANGO_MIGRATIONS,10,false,tenant,SELECT|INSERT|UPDATE,true,true,1,1,DJANGO_CANONICAL_LINEAGE,REQUIRED,,domains/compliance/gdpr,domains/compliance/gdpr.gdprDataRequests|gdpr-compliance-schema.gdprDataRequests,apps/union-eyes/backend/compliance/models.py,apps/union-eyes/backend/compliance/migrations/0001_initial.py|apps/union-eyes/db/migrations/0006_flat_stepford_cuckoos.sql|apps/union-eyes/db/migrations-audit/0000_familiar_silhouette.sql
geofence_events,DJANGO_OWNED,apps/union-eyes/backend/compliance/migrations/0001_initial.py,DJANGO_MIGRATIONS,10,false,tenant,SELECT|INSERT,true,true,0,1,DJANGO_CANONICAL_LINEAGE,REQUIRED,,domains/compliance/geofence,domains/compliance/geofence.geofenceEvents|geofence-privacy-schema.geofenceEvents,apps/union-eyes/backend/compliance/models.py,apps/union-eyes/backend/compliance/migrations/0001_initial.py|apps/union-eyes/db/migrations/0004_phase2_complete.sql|apps/union-eyes/db/migrations-audit/0000_familiar_silhouette.sql
geofences,DJANGO_OWNED,apps/union-eyes/backend/compliance/migrations/0001_initial.py,DJANGO_MIGRATIONS,10,false,tenant,SELECT|INSERT,true,true,1,1,DJANGO_CANONICAL_LINEAGE,REQUIRED,,domains/compliance/geofence,domains/compliance/geofence.geofences|geofence-privacy-schema.geofences,apps/union-eyes/backend/compliance/models.py,apps/union-eyes/backend/compliance/migrations/0001_initial.py|apps/union-eyes/db/migrations/20260507_fixup_create_break_glass_activations.sql|apps/union-eyes/db/migrations-audit/0000_familiar_silhouette.sql
gl_account_mappings,DJANGO_OWNED,apps/union-eyes/backend/billing/migrations/0001_initial.py,DJANGO_MIGRATIONS,10,false,tenant,SELECT|INSERT|UPDATE|DELETE,true,true,1,0,DJANGO_CANONICAL_LINEAGE,REQUIRED,,domains/finance/accounting,domains/finance/accounting.glAccountMappings|domains/infrastructure/erp.glAccountMappings,apps/union-eyes/backend/billing/models.py,apps/union-eyes/backend/billing/migrations/0001_initial.py|apps/union-eyes/db/migrations/0008_lean_mother_askani.sql|apps/union-eyes/db/migrations/0008_lean_mother_askani.sql|apps/union-eyes/db/migrations/0008_lean_mother_askani.sql|apps/union-eyes/db/migrations/0008_lean_mother_askani.sql|apps/union-eyes/db/migrations/0008_lean_mother_askani.sql|apps/union-eyes/db/migrations/0008_lean_mother_askani.sql|apps/union-eyes/db/migrations/0008_lean_mother_askani.sql|apps/union-eyes/db/migrations/0008_lean_mother_askani.sql|apps/union-eyes/db/migrations/0008_lean_mother_askani.sql|apps/union-eyes/db/migrations/0008_lean_mother_askani.sql|apps/union-eyes/db/migrations/0008_lean_mother_askani.sql|apps/union-eyes/db/migrations/0008_lean_mother_askani.sql|apps/union-eyes/db/migrations/0008_lean_mother_askani.sql|apps/union-eyes/db/migrations/0008_lean_mother_askani.sql|apps/union-eyes/db/migrations/0008_lean_mother_askani.sql|apps/union-eyes/db/migrations/0008_lean_mother_askani.sql|apps/union-eyes/db/migrations/0008_lean_mother_askani.sql|apps/union-eyes/db/migrations/0008_lean_mother_askani.sql|apps/union-eyes/db/migrations/0008_lean_mother_askani.sql|apps/union-eyes/db/migrations/0008_lean_mother_askani.sql|apps/union-eyes/db/migrations/0008_lean_mother_askani.sql|apps/union-eyes/db/migrations/0008_lean_mother_askani.sql|apps/union-eyes/db/migrations/0008_lean_mother_askani.sql|apps/union-eyes/db/migrations/0008_lean_mother_askani.sql|apps/union-eyes/db/migrations/0008_lean_mother_askani.sql|apps/union-eyes/db/migrations/0008_lean_mother_askani.sql|apps/union-eyes/db/migrations/0008_lean_mother_askani.sql|apps/union-eyes/db/migrations/0008_lean_mother_askani.sql|apps/union-eyes/db/migrations/0008_lean_mother_askani.sql|apps/union-eyes/db/migrations-audit/0000_familiar_silhouette.sql
gl_transaction_log,DJANGO_OWNED,apps/union-eyes/backend/billing/migrations/0001_initial.py,DJANGO_MIGRATIONS,10,false,tenant,SELECT|INSERT|UPDATE|DELETE,true,true,1,1,DJANGO_CANONICAL_LINEAGE,REQUIRED,,domains/finance/accounting,domains/finance/accounting.glTransactionLog,apps/union-eyes/backend/billing/models.py,apps/union-eyes/backend/billing/migrations/0001_initial.py|apps/union-eyes/db/migrations/0008_lean_mother_askani.sql|apps/union-eyes/db/migrations/0008_lean_mother_askani.sql|apps/union-eyes/db/migrations/0008_lean_mother_askani.sql|apps/union-eyes/db/migrations/0008_lean_mother_askani.sql|apps/union-eyes/db/migrations/0008_lean_mother_askani.sql|apps/union-eyes/db/migrations/0008_lean_mother_askani.sql|apps/union-eyes/db/migrations/0008_lean_mother_askani.sql|apps/union-eyes/db/migrations/0008_lean_mother_askani.sql|apps/union-eyes/db/migrations/0008_lean_mother_askani.sql|apps/union-eyes/db/migrations/0008_lean_mother_askani.sql|apps/union-eyes/db/migrations/0008_lean_mother_askani.sql|apps/union-eyes/db/migrations/0008_lean_mother_askani.sql|apps/union-eyes/db/migrations/0008_lean_mother_askani.sql|apps/union-eyes/db/migrations/0008_lean_mother_askani.sql|apps/union-eyes/db/migrations/0008_lean_mother_askani.sql|apps/union-eyes/db/migrations/0008_lean_mother_askani.sql|apps/union-eyes/db/migrations/0008_lean_mother_askani.sql|apps/union-eyes/db/migrations/0008_lean_mother_askani.sql|apps/union-eyes/db/migrations/0008_lean_mother_askani.sql|apps/union-eyes/db/migrations/0008_lean_mother_askani.sql|apps/union-eyes/db/migrations/0008_lean_mother_askani.sql|apps/union-eyes/db/migrations/0008_lean_mother_askani.sql|apps/union-eyes/db/migrations/0008_lean_mother_askani.sql|apps/union-eyes/db/migrations/0008_lean_mother_askani.sql|apps/union-eyes/db/migrations/0008_lean_mother_askani.sql|apps/union-eyes/db/migrations/0008_lean_mother_askani.sql|apps/union-eyes/db/migrations/0008_lean_mother_askani.sql|apps/union-eyes/db/migrations/0008_lean_mother_askani.sql|apps/union-eyes/db/migrations/0008_lean_mother_askani.sql|apps/union-eyes/db/migrations-audit/0000_familiar_silhouette.sql
gl_trial_balance,DJANGO_OWNED,apps/union-eyes/backend/billing/migrations/0001_initial.py,DJANGO_MIGRATIONS,10,false,tenant,SELECT|INSERT|UPDATE|DELETE,true,true,2,1,DJANGO_CANONICAL_LINEAGE,REQUIRED,,domains/finance/accounting,domains/finance/accounting.glTrialBalance,apps/union-eyes/backend/billing/models.py,apps/union-eyes/backend/billing/migrations/0001_initial.py|apps/union-eyes/db/migrations/0008_lean_mother_askani.sql|apps/union-eyes/db/migrations/0008_lean_mother_askani.sql|apps/union-eyes/db/migrations/0008_lean_mother_askani.sql|apps/union-eyes/db/migrations/0008_lean_mother_askani.sql|apps/union-eyes/db/migrations/0008_lean_mother_askani.sql|apps/union-eyes/db/migrations/0008_lean_mother_askani.sql|apps/union-eyes/db/migrations/0008_lean_mother_askani.sql|apps/union-eyes/db/migrations/0008_lean_mother_askani.sql|apps/union-eyes/db/migrations/0008_lean_mother_askani.sql|apps/union-eyes/db/migrations/0008_lean_mother_askani.sql|apps/union-eyes/db/migrations/0008_lean_mother_askani.sql|apps/union-eyes/db/migrations/0008_lean_mother_askani.sql|apps/union-eyes/db/migrations/0008_lean_mother_askani.sql|apps/union-eyes/db/migrations/0008_lean_mother_askani.sql|apps/union-eyes/db/migrations/0008_lean_mother_askani.sql|apps/union-eyes/db/migrations/0008_lean_mother_askani.sql|apps/union-eyes/db/migrations/0008_lean_mother_askani.sql|apps/union-eyes/db/migrations/0008_lean_mother_askani.sql|apps/union-eyes/db/migrations/0008_lean_mother_askani.sql|apps/union-eyes/db/migrations/0008_lean_mother_askani.sql|apps/union-eyes/db/migrations/0008_lean_mother_askani.sql|apps/union-eyes/db/migrations/0008_lean_mother_askani.sql|apps/union-eyes/db/migrations/0008_lean_mother_askani.sql|apps/union-eyes/db/migrations/0008_lean_mother_askani.sql|apps/union-eyes/db/migrations/0008_lean_mother_askani.sql|apps/union-eyes/db/migrations/0008_lean_mother_askani.sql|apps/union-eyes/db/migrations/0008_lean_mother_askani.sql|apps/union-eyes/db/migrations/0008_lean_mother_askani.sql|apps/union-eyes/db/migrations/0008_lean_mother_askani.sql|apps/union-eyes/db/migrations-audit/0000_familiar_silhouette.sql
governance_policies,PLATFORM_SQL_OWNED,apps/union-eyes/db/migrations-audit/0000_familiar_silhouette.sql,UNION_EYES_AUDIT_SQL,40,false,tenant,SELECT|INSERT,true,true,2,2,OTHER_GOVERNED_LINEAGE,REQUIRED,,domains/governance/governance-policies,domains/governance/governance-policies.governancePolicies,,apps/union-eyes/db/migrations-audit/0000_familiar_silhouette.sql|scripts/stub-migration.sql
grievance_case_access_assignments,PLATFORM_SQL_OWNED,apps/union-eyes/db/migrations/manual/070_governed_case_access_documents.sql,UNION_EYES_LEGACY_SQL,20,false,tenant,SELECT|INSERT|UPDATE|DELETE,true,true,6,2,ACTIVE_SQL_PLATFORM_LINEAGE,REQUIRED,,domains/claims/grievance-lifecycle,domains/claims/grievance-lifecycle.grievanceCaseAccessAssignments,,apps/union-eyes/db/migrations/manual/070_governed_case_access_documents.sql
grievance_deadlines,DJANGO_OWNED,apps/union-eyes/backend/grievances/migrations/0001_initial.py,DJANGO_MIGRATIONS,10,false,mixed,SELECT|INSERT|UPDATE|DELETE,true,true,8,4,DJANGO_CANONICAL_LINEAGE,REQUIRED,,domains/claims/grievances,domains/claims/grievances.grievanceDeadlines|domains/claims/workflows.grievanceDeadlines|grievance-schema.grievanceDeadlines|grievance-workflow-schema.grievanceDeadlines,apps/union-eyes/backend/grievances/models.py,apps/union-eyes/backend/grievances/migrations/0001_initial.py|apps/union-eyes/db/migrations/20260507_fixup_create_break_glass_activations.sql|apps/union-eyes/db/migrations-audit/0000_familiar_silhouette.sql
grievance_documents,DJANGO_OWNED,apps/union-eyes/backend/grievances/migrations/0001_initial.py,DJANGO_MIGRATIONS,10,false,tenant,SELECT|INSERT|UPDATE|DELETE,true,true,2,1,DJANGO_CANONICAL_LINEAGE,REQUIRED,,domains/claims/workflows,domains/claims/workflows.grievanceDocuments|grievance-workflow-schema.grievanceDocuments,apps/union-eyes/backend/grievances/models.py,apps/union-eyes/backend/grievances/migrations/0001_initial.py|apps/union-eyes/db/migrations/20260507_fixup_create_break_glass_activations.sql|apps/union-eyes/db/migrations-audit/0000_familiar_silhouette.sql
grievance_events,PLATFORM_SQL_OWNED,apps/union-eyes/db/migrations-audit/0000_familiar_silhouette.sql,UNION_EYES_AUDIT_SQL,40,false,tenant,SELECT|INSERT,true,true,3,8,OTHER_GOVERNED_LINEAGE,REQUIRED,,domains/claims/grievance-lifecycle,domains/claims/grievance-lifecycle.grievanceEvents,,apps/union-eyes/db/migrations-audit/0000_familiar_silhouette.sql|scripts/stub-migration.sql
grievance_settlements,DJANGO_OWNED,apps/union-eyes/backend/grievances/migrations/0001_initial.py,DJANGO_MIGRATIONS,10,false,tenant,SELECT,true,true,1,0,DJANGO_CANONICAL_LINEAGE,REQUIRED,,domains/claims/workflows,domains/claims/workflows.grievanceSettlements|grievance-workflow-schema.grievanceSettlements,apps/union-eyes/backend/grievances/models.py,apps/union-eyes/backend/grievances/migrations/0001_initial.py|apps/union-eyes/db/migrations/20260507_fixup_create_break_glass_activations.sql|apps/union-eyes/db/migrations-audit/0000_familiar_silhouette.sql
grievance_timeline,DJANGO_OWNED,apps/union-eyes/backend/grievances/migrations/0001_initial.py,DJANGO_MIGRATIONS,10,false,tenant,SELECT,true,true,1,0,DJANGO_CANONICAL_LINEAGE,REQUIRED,,domains/claims/grievances,domains/claims/grievances.grievanceTimeline|grievance-schema.grievanceTimeline,apps/union-eyes/backend/grievances/models.py,apps/union-eyes/backend/grievances/migrations/0001_initial.py|apps/union-eyes/db/migrations/20260507_fixup_pre_0008_missing_tables.sql|apps/union-eyes/db/migrations-audit/0000_familiar_silhouette.sql
grievance_timeline_events,PLATFORM_SQL_OWNED,apps/union-eyes/db/migrations/0089_ingestion_hardening.sql,UNION_EYES_LEGACY_SQL,20,false,tenant,INSERT,true,true,1,1,ACTIVE_SQL_PLATFORM_LINEAGE,REQUIRED,,ingestion-schema,ingestion-schema.grievanceTimelineEvents,,apps/union-eyes/db/migrations/0089_ingestion_hardening.sql
grievance_transitions,DJANGO_OWNED,apps/union-eyes/backend/grievances/migrations/0001_initial.py,DJANGO_MIGRATIONS,10,false,tenant,SELECT|INSERT|UPDATE|DELETE,true,true,4,1,DJANGO_CANONICAL_LINEAGE,REQUIRED,,domains/claims/workflows,domains/claims/workflows.grievanceTransitions,apps/union-eyes/backend/grievances/models.py,apps/union-eyes/backend/grievances/migrations/0001_initial.py|apps/union-eyes/db/migrations/20260507_fixup_create_break_glass_activations.sql|apps/union-eyes/db/migrations-audit/0000_familiar_silhouette.sql
grievances,DJANGO_OWNED,apps/union-eyes/backend/grievances/migrations/0001_initial.py,DJANGO_MIGRATIONS,10,false,tenant,SELECT|INSERT|UPDATE|DELETE,true,true,54,15,DJANGO_CANONICAL_LINEAGE,REQUIRED,,domains/claims/grievances,domains/claims/grievances.grievances,apps/union-eyes/backend/grievances/models.py,apps/union-eyes/backend/grievances/migrations/0001_initial.py|apps/union-eyes/db/migrations/20260507_fixup_pre_0008_missing_tables.sql|apps/union-eyes/db/migrations-audit/0000_familiar_silhouette.sql|tooling/sql/union-eyes-qa-baseline.sql
hazard_reports,DJANGO_OWNED,apps/union-eyes/backend/compliance/migrations/0001_initial.py,DJANGO_MIGRATIONS,10,false,tenant,SELECT|INSERT|UPDATE|DELETE,true,true,2,0,DJANGO_CANONICAL_LINEAGE,REQUIRED,,domains/health-safety/health-safety-schema,domains/health-safety/health-safety-schema.hazardReports,apps/union-eyes/backend/compliance/models.py,apps/union-eyes/backend/compliance/migrations/0001_initial.py|apps/union-eyes/db/migrations-audit/0000_familiar_silhouette.sql
holidays,DJANGO_OWNED,apps/union-eyes/backend/unions/migrations/0001_initial.py,DJANGO_MIGRATIONS,10,false,mixed,SELECT,true,false,0,0,DJANGO_CANONICAL_LINEAGE,REQUIRED,,deadlines-schema,deadlines-schema.holidays|domains/claims/deadlines.holidays,apps/union-eyes/backend/unions/models.py,apps/union-eyes/backend/unions/migrations/0001_initial.py|apps/union-eyes/db/migrations/0001_phase5b_inter_union_features.sql|apps/union-eyes/db/migrations-audit/0000_familiar_silhouette.sql|apps/union-eyes/services/financial-service/drizzle/0000_lucky_mole_man.sql
in_app_notifications,DJANGO_OWNED,apps/union-eyes/backend/notifications/migrations/0001_initial.py,DJANGO_MIGRATIONS,10,false,tenant,SELECT|INSERT|UPDATE|DELETE,true,true,4,7,DJANGO_CANONICAL_LINEAGE,REQUIRED,,domains/communications/notifications,domains/communications/notifications.inAppNotifications|notifications-schema.inAppNotifications,apps/union-eyes/backend/notifications/models.py,apps/union-eyes/backend/notifications/migrations/0001_initial.py|apps/union-eyes/db/migrations/0000_flippant_luke_cage.sql|apps/union-eyes/db/migrations/0001_phase5b_inter_union_features.sql|apps/union-eyes/db/migrations-audit/0000_familiar_silhouette.sql|apps/union-eyes/services/financial-service/drizzle/0000_lucky_mole_man.sql
ingestion_batches,PLATFORM_SQL_OWNED,apps/union-eyes/db/migrations/0089_ingestion_hardening.sql,UNION_EYES_LEGACY_SQL,20,false,tenant,SELECT|INSERT|UPDATE,true,true,5,2,ACTIVE_SQL_PLATFORM_LINEAGE,REQUIRED,,ingestion-schema,ingestion-schema.ingestionBatches,,apps/union-eyes/db/migrations/0089_ingestion_hardening.sql
ingestion_records,PLATFORM_SQL_OWNED,apps/union-eyes/db/migrations/0089_ingestion_hardening.sql,UNION_EYES_LEGACY_SQL,20,false,tenant,SELECT|INSERT|UPDATE,true,true,5,3,ACTIVE_SQL_PLATFORM_LINEAGE,REQUIRED,,ingestion-schema,ingestion-schema.ingestionRecords,,apps/union-eyes/db/migrations/0089_ingestion_hardening.sql
insight_recommendations,DJANGO_OWNED,apps/union-eyes/backend/analytics/migrations/0001_initial.py,DJANGO_MIGRATIONS,10,false,tenant,SELECT|INSERT,true,true,0,2,DJANGO_CANONICAL_LINEAGE,REQUIRED,,analytics,analytics.insightRecommendations|domains/analytics/analytics.insightRecommendations,apps/union-eyes/backend/analytics/models.py,apps/union-eyes/backend/analytics/migrations/0001_initial.py|apps/union-eyes/db/migrations/20260507_fixup_create_break_glass_activations.sql|apps/union-eyes/db/migrations/manual/067_advanced_analytics_q1_2025.sql|apps/union-eyes/db/migrations-audit/0000_familiar_silhouette.sql|apps/union-eyes/services/financial-service/drizzle/0000_lucky_mole_man.sql
integration_api_keys,DJANGO_OWNED,apps/union-eyes/backend/core/migrations/0001_initial.py,DJANGO_MIGRATIONS,10,false,tenant,SELECT|INSERT|UPDATE,true,true,2,0,DJANGO_CANONICAL_LINEAGE,REQUIRED,,domains/infrastructure/integrations,domains/infrastructure/integrations.integrationApiKeys,apps/union-eyes/backend/core/models.py,apps/union-eyes/backend/core/migrations/0001_initial.py|apps/union-eyes/db/migrations-audit/0000_familiar_silhouette.sql|tooling/sql/union-eyes-qa-baseline.sql
integration_configs,DJANGO_OWNED,apps/union-eyes/backend/core/migrations/0001_initial.py,DJANGO_MIGRATIONS,10,false,tenant,SELECT|INSERT|UPDATE,true,true,3,1,DJANGO_CANONICAL_LINEAGE,REQUIRED,,domains/infrastructure/integrations,domains/infrastructure/integrations.integrationConfigs,apps/union-eyes/backend/core/models.py,apps/union-eyes/backend/core/migrations/0001_initial.py|apps/union-eyes/db/migrations/0008_lean_mother_askani.sql|apps/union-eyes/db/migrations/0008_lean_mother_askani.sql|apps/union-eyes/db/migrations/0008_lean_mother_askani.sql|apps/union-eyes/db/migrations/0008_lean_mother_askani.sql|apps/union-eyes/db/migrations/0008_lean_mother_askani.sql|apps/union-eyes/db/migrations/0008_lean_mother_askani.sql|apps/union-eyes/db/migrations/0008_lean_mother_askani.sql|apps/union-eyes/db/migrations/0008_lean_mother_askani.sql|apps/union-eyes/db/migrations/0008_lean_mother_askani.sql|apps/union-eyes/db/migrations/0008_lean_mother_askani.sql|apps/union-eyes/db/migrations/0008_lean_mother_askani.sql|apps/union-eyes/db/migrations/0008_lean_mother_askani.sql|apps/union-eyes/db/migrations/0008_lean_mother_askani.sql|apps/union-eyes/db/migrations/0008_lean_mother_askani.sql|apps/union-eyes/db/migrations/0008_lean_mother_askani.sql|apps/union-eyes/db/migrations/0008_lean_mother_askani.sql|apps/union-eyes/db/migrations/0008_lean_mother_askani.sql|apps/union-eyes/db/migrations/0008_lean_mother_askani.sql|apps/union-eyes/db/migrations/0008_lean_mother_askani.sql|apps/union-eyes/db/migrations/0008_lean_mother_askani.sql|apps/union-eyes/db/migrations/0008_lean_mother_askani.sql|apps/union-eyes/db/migrations/0008_lean_mother_askani.sql|apps/union-eyes/db/migrations/0008_lean_mother_askani.sql|apps/union-eyes/db/migrations/0008_lean_mother_askani.sql|apps/union-eyes/db/migrations/0008_lean_mother_askani.sql|apps/union-eyes/db/migrations/0008_lean_mother_askani.sql|apps/union-eyes/db/migrations/0008_lean_mother_askani.sql|apps/union-eyes/db/migrations/0008_lean_mother_askani.sql|apps/union-eyes/db/migrations/0008_lean_mother_askani.sql|apps/union-eyes/db/migrations/20260212_add_integration_framework_fixed.sql|apps/union-eyes/db/migrations-audit/0000_familiar_silhouette.sql
integration_idempotency_keys,DJANGO_OWNED,apps/union-eyes/backend/services/migrations/0001_enterprise_hardening.py,DJANGO_MIGRATIONS,10,false,mixed,SELECT|INSERT,true,false,0,0,DJANGO_CANONICAL_LINEAGE,EXCLUDED_BY_SCOPE_DISPOSITION,,undeclared,,apps/union-eyes/backend/services/integration_control_plane/models.py,apps/union-eyes/backend/services/migrations/0001_enterprise_hardening.py
integration_partners,UNKNOWN,,PROJECTED_OR_RUNTIME_USED_WITHOUT_CREATION_LINEAGE,,false,tenant,SELECT,true,true,1,0,PROJECTED_OR_RUNTIME_USED_WITHOUT_CREATION_LINEAGE,UNRESOLVED,A,domains/infrastructure/integrations,domains/infrastructure/integrations.integrationPartners,,
integration_registry,DJANGO_OWNED,apps/union-eyes/backend/services/migrations/0001_enterprise_hardening.py,DJANGO_MIGRATIONS,10,false,mixed,SELECT|INSERT|UPDATE|DELETE,true,false,0,0,DJANGO_CANONICAL_LINEAGE,EXCLUDED_BY_SCOPE_DISPOSITION,,undeclared,,apps/union-eyes/backend/services/integration_control_plane/models.py,apps/union-eyes/backend/services/migrations/0001_enterprise_hardening.py
integration_sync_log,DJANGO_OWNED,apps/union-eyes/backend/core/migrations/0001_initial.py,DJANGO_MIGRATIONS,10,false,tenant,SELECT|INSERT|UPDATE,true,true,1,1,DJANGO_CANONICAL_LINEAGE,REQUIRED,,domains/infrastructure/integrations,domains/infrastructure/integrations.integrationSyncLog,apps/union-eyes/backend/core/models.py,apps/union-eyes/backend/core/migrations/0001_initial.py|apps/union-eyes/db/migrations/0008_lean_mother_askani.sql|apps/union-eyes/db/migrations/0008_lean_mother_askani.sql|apps/union-eyes/db/migrations/0008_lean_mother_askani.sql|apps/union-eyes/db/migrations/0008_lean_mother_askani.sql|apps/union-eyes/db/migrations/0008_lean_mother_askani.sql|apps/union-eyes/db/migrations/0008_lean_mother_askani.sql|apps/union-eyes/db/migrations/0008_lean_mother_askani.sql|apps/union-eyes/db/migrations/0008_lean_mother_askani.sql|apps/union-eyes/db/migrations/0008_lean_mother_askani.sql|apps/union-eyes/db/migrations/0008_lean_mother_askani.sql|apps/union-eyes/db/migrations/0008_lean_mother_askani.sql|apps/union-eyes/db/migrations/0008_lean_mother_askani.sql|apps/union-eyes/db/migrations/0008_lean_mother_askani.sql|apps/union-eyes/db/migrations/0008_lean_mother_askani.sql|apps/union-eyes/db/migrations/0008_lean_mother_askani.sql|apps/union-eyes/db/migrations/0008_lean_mother_askani.sql|apps/union-eyes/db/migrations/0008_lean_mother_askani.sql|apps/union-eyes/db/migrations/0008_lean_mother_askani.sql|apps/union-eyes/db/migrations/0008_lean_mother_askani.sql|apps/union-eyes/db/migrations/0008_lean_mother_askani.sql|apps/union-eyes/db/migrations/0008_lean_mother_askani.sql|apps/union-eyes/db/migrations/0008_lean_mother_askani.sql|apps/union-eyes/db/migrations/0008_lean_mother_askani.sql|apps/union-eyes/db/migrations/0008_lean_mother_askani.sql|apps/union-eyes/db/migrations/0008_lean_mother_askani.sql|apps/union-eyes/db/migrations/0008_lean_mother_askani.sql|apps/union-eyes/db/migrations/0008_lean_mother_askani.sql|apps/union-eyes/db/migrations/0008_lean_mother_askani.sql|apps/union-eyes/db/migrations/0008_lean_mother_askani.sql|apps/union-eyes/db/migrations/20260212_add_integration_framework_fixed.sql|apps/union-eyes/db/migrations-audit/0000_familiar_silhouette.sql
integration_webhooks,DJANGO_OWNED,apps/union-eyes/backend/core/migrations/0001_initial.py,DJANGO_MIGRATIONS,10,false,tenant,SELECT,true,true,1,0,DJANGO_CANONICAL_LINEAGE,REQUIRED,,domains/infrastructure/integrations,domains/infrastructure/integrations.integrationWebhooks,apps/union-eyes/backend/core/models.py,apps/union-eyes/backend/core/migrations/0001_initial.py|apps/union-eyes/db/migrations-audit/0000_familiar_silhouette.sql
joint_hs_committees,UNKNOWN,,PROJECTED_OR_RUNTIME_USED_WITHOUT_CREATION_LINEAGE,,false,tenant,SELECT|INSERT|UPDATE|DELETE,true,false,0,0,PROJECTED_OR_RUNTIME_USED_WITHOUT_CREATION_LINEAGE,UNRESOLVED,F,domains/health-safety/cnesst-schema,domains/health-safety/cnesst-schema.jointHsCommittees,,
knowledge_base,DJANGO_OWNED,apps/union-eyes/backend/ai_core/migrations/0001_initial.py,DJANGO_MIGRATIONS,10,false,tenant,SELECT|INSERT|UPDATE,true,true,8,4,DJANGO_CANONICAL_LINEAGE,REQUIRED,,ai-chatbot-schema,ai-chatbot-schema.knowledgeBase|domains/ml/chatbot.knowledgeBase,apps/union-eyes/backend/ai_core/models.py,apps/union-eyes/backend/ai_core/migrations/0001_initial.py|apps/union-eyes/db/migrations/0006_flat_stepford_cuckoos.sql|apps/union-eyes/db/migrations/20260324_add_remaining_missing_tables.sql|apps/union-eyes/db/migrations-audit/0000_familiar_silhouette.sql|migrations/20260716_knowledge_base.sql
kpi_configurations,DJANGO_OWNED,apps/union-eyes/backend/analytics/migrations/0001_initial.py,DJANGO_MIGRATIONS,10,false,tenant,SELECT|INSERT|UPDATE|DELETE,true,true,1,3,DJANGO_CANONICAL_LINEAGE,REQUIRED,,analytics,analytics.kpiConfigurations|domains/analytics/analytics.kpiConfigurations,apps/union-eyes/backend/analytics/models.py,apps/union-eyes/backend/analytics/migrations/0001_initial.py|apps/union-eyes/db/migrations/20260324_add_remaining_missing_tables.sql|apps/union-eyes/db/migrations/20260507_fixup_create_break_glass_activations.sql|apps/union-eyes/db/migrations/manual/067_advanced_analytics_q1_2025.sql|apps/union-eyes/db/migrations-audit/0000_familiar_silhouette.sql|apps/union-eyes/services/financial-service/drizzle/0000_lucky_mole_man.sql
location_deletion_log,DJANGO_OWNED,apps/union-eyes/backend/compliance/migrations/0001_initial.py,DJANGO_MIGRATIONS,10,false,tenant,INSERT,false,true,0,1,DJANGO_CANONICAL_LINEAGE,REQUIRED,,domains/compliance/geofence,domains/compliance/geofence.locationDeletionLog|geofence-privacy-schema.locationDeletionLog,apps/union-eyes/backend/compliance/models.py,apps/union-eyes/backend/compliance/migrations/0001_initial.py|apps/union-eyes/db/migrations/20260507_fixup_create_break_glass_activations.sql|apps/union-eyes/db/migrations-audit/0000_familiar_silhouette.sql
location_tracking,DJANGO_OWNED,apps/union-eyes/backend/compliance/migrations/0001_initial.py,DJANGO_MIGRATIONS,10,false,tenant,SELECT|INSERT,true,true,3,3,DJANGO_CANONICAL_LINEAGE,REQUIRED,,domains/compliance/geofence,domains/compliance/geofence.locationTracking|geofence-privacy-schema.locationTracking,apps/union-eyes/backend/compliance/models.py,apps/union-eyes/backend/compliance/migrations/0001_initial.py|apps/union-eyes/db/migrations/0004_phase2_complete.sql|apps/union-eyes/db/migrations-audit/0000_familiar_silhouette.sql
location_tracking_audit,DJANGO_OWNED,apps/union-eyes/backend/compliance/migrations/0001_initial.py,DJANGO_MIGRATIONS,10,false,tenant,INSERT,true,true,0,1,DJANGO_CANONICAL_LINEAGE,REQUIRED,,domains/compliance/geofence,domains/compliance/geofence.locationTrackingAudit|geofence-privacy-schema.locationTrackingAudit,apps/union-eyes/backend/compliance/models.py,apps/union-eyes/backend/compliance/migrations/0001_initial.py|apps/union-eyes/db/migrations/20260507_fixup_create_break_glass_activations.sql|apps/union-eyes/db/migrations-audit/0000_familiar_silhouette.sql
location_tracking_config,DJANGO_OWNED,apps/union-eyes/backend/compliance/migrations/0001_initial.py,DJANGO_MIGRATIONS,10,false,tenant,SELECT|INSERT,false,true,1,1,DJANGO_CANONICAL_LINEAGE,REQUIRED,,domains/compliance/geofence,domains/compliance/geofence.locationTrackingConfig|geofence-privacy-schema.locationTrackingConfig,apps/union-eyes/backend/compliance/models.py,apps/union-eyes/backend/compliance/migrations/0001_initial.py|apps/union-eyes/db/migrations/20260507_fixup_create_break_glass_activations.sql|apps/union-eyes/db/migrations-audit/0000_familiar_silhouette.sql
meeting_rooms,DJANGO_OWNED,apps/union-eyes/backend/unions/migrations/0001_initial.py,DJANGO_MIGRATIONS,10,false,tenant,SELECT|INSERT|UPDATE|DELETE,true,false,0,0,DJANGO_CANONICAL_LINEAGE,REQUIRED,,calendar-schema,calendar-schema.meetingRooms|domains/scheduling/calendar.meetingRooms,apps/union-eyes/backend/unions/models.py,apps/union-eyes/backend/unions/migrations/0001_initial.py|apps/union-eyes/db/migrations/0000_flippant_luke_cage.sql|apps/union-eyes/db/migrations/0001_phase5b_inter_union_features.sql|apps/union-eyes/db/migrations/20260324_add_remaining_missing_tables.sql|apps/union-eyes/db/migrations-audit/0000_familiar_silhouette.sql|apps/union-eyes/services/financial-service/drizzle/0000_lucky_mole_man.sql
member_arrears,DJANGO_OWNED,apps/union-eyes/backend/billing/migrations/0001_initial.py,DJANGO_MIGRATIONS,10,false,tenant,SELECT|INSERT|UPDATE|DELETE,true,true,10,1,DJANGO_CANONICAL_LINEAGE,REQUIRED,,dues-finance-schema,dues-finance-schema.memberArrears,apps/union-eyes/backend/billing/models.py,apps/union-eyes/backend/billing/migrations/0001_initial.py
member_breaks,UNKNOWN,,PROJECTED_OR_RUNTIME_USED_WITHOUT_CREATION_LINEAGE,,false,tenant,SELECT|INSERT|UPDATE|DELETE,true,true,1,0,PROJECTED_OR_RUNTIME_USED_WITHOUT_CREATION_LINEAGE,UNRESOLVED,A,domains/member/member-breaks,domains/member/member-breaks.memberBreaks,,
member_certifications,DJANGO_OWNED,apps/union-eyes/backend/unions/migrations/0001_initial.py,DJANGO_MIGRATIONS,10,false,tenant,SELECT|INSERT,true,true,1,0,DJANGO_CANONICAL_LINEAGE,REQUIRED,,domains/scheduling/training,domains/scheduling/training.memberCertifications|education-training-schema.memberCertifications,apps/union-eyes/backend/unions/models.py,apps/union-eyes/backend/unions/migrations/0001_initial.py|apps/union-eyes/db/migrations/20260507_fixup_create_break_glass_activations.sql|apps/union-eyes/db/migrations-audit/0000_familiar_silhouette.sql|apps/union-eyes/services/financial-service/drizzle/0000_lucky_mole_man.sql
member_dues_issues,UNKNOWN,,PROJECTED_OR_RUNTIME_USED_WITHOUT_CREATION_LINEAGE,,false,tenant,SELECT|INSERT,true,true,0,1,PROJECTED_OR_RUNTIME_USED_WITHOUT_CREATION_LINEAGE,UNRESOLVED,G,dues-finance-schema,dues-finance-schema.memberDuesIssues,,
member_dues_ledger,DJANGO_OWNED,apps/union-eyes/backend/billing/migrations/0001_initial.py,DJANGO_MIGRATIONS,10,false,tenant,SELECT|INSERT,true,true,10,3,DJANGO_CANONICAL_LINEAGE,REQUIRED,,dues-finance-schema,dues-finance-schema.memberDuesLedger,apps/union-eyes/backend/billing/models.py,apps/union-eyes/backend/billing/migrations/0001_initial.py
member_employment,DJANGO_OWNED,apps/union-eyes/backend/unions/migrations/0001_initial.py,DJANGO_MIGRATIONS,10,false,tenant,SELECT|INSERT|UPDATE|DELETE,true,false,0,0,DJANGO_CANONICAL_LINEAGE,REQUIRED,,domains/member/member-employment,domains/member/member-employment.memberEmployment,apps/union-eyes/backend/unions/models.py,apps/union-eyes/backend/unions/migrations/0001_initial.py|apps/union-eyes/db/migrations/0020_keen_roulette.sql|apps/union-eyes/db/migrations-audit/0000_familiar_silhouette.sql
member_history_events,DJANGO_OWNED,apps/union-eyes/backend/auth_core/migrations/0001_initial.py,DJANGO_MIGRATIONS,10,false,tenant,SELECT|INSERT|UPDATE|DELETE,true,true,1,1,DJANGO_CANONICAL_LINEAGE,REQUIRED,,member-profile-v2-schema,member-profile-v2-schema.memberHistoryEvents,apps/union-eyes/backend/auth_core/models.py,apps/union-eyes/backend/auth_core/migrations/0001_initial.py|scripts/stub-migration.sql
member_jurisdiction_preferences,PLATFORM_SQL_OWNED,apps/union-eyes/db/migrations/20260328_jurisdiction_preferences.sql,UNION_EYES_LEGACY_SQL,20,false,tenant,SELECT|INSERT|UPDATE,true,true,1,1,ACTIVE_SQL_PLATFORM_LINEAGE,REQUIRED,,domains/member/jurisdiction-preferences,domains/member/jurisdiction-preferences.memberJurisdictionPreferences,,apps/union-eyes/db/migrations/20260328_jurisdiction_preferences.sql
member_location_consent,DJANGO_OWNED,apps/union-eyes/backend/unions/migrations/0001_initial.py,DJANGO_MIGRATIONS,10,false,tenant,SELECT|INSERT|UPDATE,true,true,3,3,DJANGO_CANONICAL_LINEAGE,REQUIRED,,domains/compliance/geofence,domains/compliance/geofence.memberLocationConsent|geofence-privacy-schema.memberLocationConsent,apps/union-eyes/backend/unions/models.py,apps/union-eyes/backend/unions/migrations/0001_initial.py|apps/union-eyes/db/migrations/0004_phase2_complete.sql|apps/union-eyes/db/migrations-audit/0000_familiar_silhouette.sql
member_segments,DJANGO_OWNED,apps/union-eyes/backend/unions/migrations/0001_initial.py,DJANGO_MIGRATIONS,10,false,tenant,SELECT|INSERT|UPDATE|DELETE,true,true,2,1,DJANGO_CANONICAL_LINEAGE,REQUIRED,,domains/member/member-segments,domains/member/member-segments.memberSegments,apps/union-eyes/backend/unions/models.py,apps/union-eyes/backend/unions/migrations/0001_initial.py|apps/union-eyes/db/migrations/0021_steady_darwin.sql|apps/union-eyes/db/migrations/20260324_add_remaining_missing_tables.sql|apps/union-eyes/db/migrations-audit/0000_familiar_silhouette.sql
message_log,DJANGO_OWNED,apps/union-eyes/backend/notifications/migrations/0001_initial.py,DJANGO_MIGRATIONS,10,false,mixed,SELECT|INSERT|UPDATE|DELETE,true,true,4,5,DJANGO_CANONICAL_LINEAGE,REQUIRED,,domains/communications/campaigns,domains/communications/campaigns.messageLog,apps/union-eyes/backend/notifications/models.py,apps/union-eyes/backend/notifications/migrations/0001_initial.py|apps/union-eyes/db/migrations-audit/0000_familiar_silhouette.sql
message_read_receipts,DJANGO_OWNED,apps/union-eyes/backend/notifications/migrations/0001_initial.py,DJANGO_MIGRATIONS,10,false,tenant,SELECT,true,true,1,0,DJANGO_CANONICAL_LINEAGE,REQUIRED,,domains/communications/messages,domains/communications/messages.messageReadReceipts|messages-schema.messageReadReceipts,apps/union-eyes/backend/notifications/models.py,apps/union-eyes/backend/notifications/migrations/0001_initial.py|apps/union-eyes/db/migrations/0003_curious_agent_zero.sql|apps/union-eyes/db/migrations-audit/0000_familiar_silhouette.sql|apps/union-eyes/services/financial-service/drizzle/0000_lucky_mole_man.sql
message_templates,DJANGO_OWNED,apps/union-eyes/backend/notifications/migrations/0001_initial.py,DJANGO_MIGRATIONS,10,false,tenant,SELECT|INSERT|UPDATE|DELETE,true,true,1,0,DJANGO_CANONICAL_LINEAGE,REQUIRED,,domains/communications/campaigns,domains/communications/campaigns.messageTemplates,apps/union-eyes/backend/notifications/models.py,apps/union-eyes/backend/notifications/migrations/0001_initial.py|apps/union-eyes/db/migrations-audit/0000_familiar_silhouette.sql
message_threads,DJANGO_OWNED,apps/union-eyes/backend/notifications/migrations/0001_initial.py,DJANGO_MIGRATIONS,10,false,tenant,SELECT|INSERT,true,true,1,1,DJANGO_CANONICAL_LINEAGE,REQUIRED,,domains/communications/messages,domains/communications/messages.messageThreads|messages-schema.messageThreads,apps/union-eyes/backend/notifications/models.py,apps/union-eyes/backend/notifications/migrations/0001_initial.py|apps/union-eyes/db/migrations/0003_curious_agent_zero.sql|apps/union-eyes/db/migrations-audit/0000_familiar_silhouette.sql|apps/union-eyes/services/financial-service/drizzle/0000_lucky_mole_man.sql
messages,DJANGO_OWNED,apps/union-eyes/backend/notifications/migrations/0001_initial.py,DJANGO_MIGRATIONS,10,false,tenant,SELECT|INSERT,true,true,2,1,DJANGO_CANONICAL_LINEAGE,REQUIRED,,domains/communications/messages,domains/communications/messages.messages|messages-schema.messages,apps/union-eyes/backend/notifications/models.py,apps/union-eyes/backend/notifications/migrations/0001_initial.py|apps/union-eyes/db/migrations/0003_curious_agent_zero.sql|apps/union-eyes/db/migrations-audit/0000_familiar_silhouette.sql|apps/union-eyes/services/financial-service/drizzle/0000_lucky_mole_man.sql
ml_predictions,DJANGO_OWNED,apps/union-eyes/backend/ai_core/migrations/0001_initial.py,DJANGO_MIGRATIONS,10,false,tenant,SELECT|INSERT,true,true,7,3,DJANGO_CANONICAL_LINEAGE,REQUIRED,,analytics,analytics.mlPredictions|domains/analytics/analytics.mlPredictions|domains/ml/predictions.mlPredictions|ml-predictions-schema.mlPredictions,apps/union-eyes/backend/ai_core/models.py,apps/union-eyes/backend/ai_core/migrations/0001_initial.py|apps/union-eyes/db/migrations/20260324_add_remaining_missing_tables.sql|apps/union-eyes/db/migrations/20260507_fixup_create_break_glass_activations.sql|apps/union-eyes/db/migrations/manual/067_advanced_analytics_q1_2025.sql|apps/union-eyes/db/migrations-audit/0000_familiar_silhouette.sql|apps/union-eyes/services/financial-service/drizzle/0000_lucky_mole_man.sql
mobile_devices,DJANGO_OWNED,apps/union-eyes/backend/notifications/migrations/0001_initial.py,DJANGO_MIGRATIONS,10,false,tenant,SELECT|INSERT|UPDATE,true,true,2,2,DJANGO_CANONICAL_LINEAGE,REQUIRED,,mobile-devices-schema,mobile-devices-schema.mobileDevices,apps/union-eyes/backend/notifications/models.py,apps/union-eyes/backend/notifications/migrations/0001_initial.py
model_metadata,DJANGO_OWNED,apps/union-eyes/backend/ai_core/migrations/0001_initial.py,DJANGO_MIGRATIONS,10,false,tenant,SELECT|INSERT,true,true,3,2,DJANGO_CANONICAL_LINEAGE,REQUIRED,,domains/ml/predictions,domains/ml/predictions.modelMetadata|ml-predictions-schema.modelMetadata,apps/union-eyes/backend/ai_core/models.py,apps/union-eyes/backend/ai_core/migrations/0001_initial.py|apps/union-eyes/db/migrations/0008_lean_mother_askani.sql|apps/union-eyes/db/migrations/0008_lean_mother_askani.sql|apps/union-eyes/db/migrations/0008_lean_mother_askani.sql|apps/union-eyes/db/migrations/0008_lean_mother_askani.sql|apps/union-eyes/db/migrations/0008_lean_mother_askani.sql|apps/union-eyes/db/migrations/0008_lean_mother_askani.sql|apps/union-eyes/db/migrations/0008_lean_mother_askani.sql|apps/union-eyes/db/migrations/0008_lean_mother_askani.sql|apps/union-eyes/db/migrations/0008_lean_mother_askani.sql|apps/union-eyes/db/migrations/0008_lean_mother_askani.sql|apps/union-eyes/db/migrations/0008_lean_mother_askani.sql|apps/union-eyes/db/migrations/0008_lean_mother_askani.sql|apps/union-eyes/db/migrations/0008_lean_mother_askani.sql|apps/union-eyes/db/migrations/0008_lean_mother_askani.sql|apps/union-eyes/db/migrations/0008_lean_mother_askani.sql|apps/union-eyes/db/migrations/0008_lean_mother_askani.sql|apps/union-eyes/db/migrations/0008_lean_mother_askani.sql|apps/union-eyes/db/migrations/0008_lean_mother_askani.sql|apps/union-eyes/db/migrations/0008_lean_mother_askani.sql|apps/union-eyes/db/migrations/0008_lean_mother_askani.sql|apps/union-eyes/db/migrations/0008_lean_mother_askani.sql|apps/union-eyes/db/migrations/0008_lean_mother_askani.sql|apps/union-eyes/db/migrations/0008_lean_mother_askani.sql|apps/union-eyes/db/migrations/0008_lean_mother_askani.sql|apps/union-eyes/db/migrations/0008_lean_mother_askani.sql|apps/union-eyes/db/migrations/0008_lean_mother_askani.sql|apps/union-eyes/db/migrations/0008_lean_mother_askani.sql|apps/union-eyes/db/migrations/0008_lean_mother_askani.sql|apps/union-eyes/db/migrations/0008_lean_mother_askani.sql|apps/union-eyes/db/migrations-audit/0000_familiar_silhouette.sql|apps/union-eyes/services/financial-service/drizzle/0000_lucky_mole_man.sql
movement_trends,DJANGO_OWNED,apps/union-eyes/backend/content/migrations/0001_initial.py,DJANGO_MIGRATIONS,10,false,tenant,SELECT,false,true,2,0,DJANGO_CANONICAL_LINEAGE,REQUIRED,,domains/marketing,domains/marketing.movementTrends,apps/union-eyes/backend/content/models.py,apps/union-eyes/backend/content/migrations/0001_initial.py|apps/union-eyes/db/migrations-audit/0001_silky_elektra.sql
negotiations,DJANGO_OWNED,apps/union-eyes/backend/bargaining/migrations/0001_initial.py,DJANGO_MIGRATIONS,10,false,tenant,SELECT|INSERT|UPDATE|DELETE,true,true,2,0,DJANGO_CANONICAL_LINEAGE,REQUIRED,,bargaining-negotiations-schema,bargaining-negotiations-schema.negotiations,apps/union-eyes/backend/bargaining/models.py,apps/union-eyes/backend/bargaining/migrations/0001_initial.py|apps/union-eyes/db/migrations/0008_lean_mother_askani.sql|apps/union-eyes/db/migrations/0008_lean_mother_askani.sql|apps/union-eyes/db/migrations/0008_lean_mother_askani.sql|apps/union-eyes/db/migrations/0008_lean_mother_askani.sql|apps/union-eyes/db/migrations/0008_lean_mother_askani.sql|apps/union-eyes/db/migrations/0008_lean_mother_askani.sql|apps/union-eyes/db/migrations/0008_lean_mother_askani.sql|apps/union-eyes/db/migrations/0008_lean_mother_askani.sql|apps/union-eyes/db/migrations/0008_lean_mother_askani.sql|apps/union-eyes/db/migrations/0008_lean_mother_askani.sql|apps/union-eyes/db/migrations/0008_lean_mother_askani.sql|apps/union-eyes/db/migrations/0008_lean_mother_askani.sql|apps/union-eyes/db/migrations/0008_lean_mother_askani.sql|apps/union-eyes/db/migrations/0008_lean_mother_askani.sql|apps/union-eyes/db/migrations/0008_lean_mother_askani.sql|apps/union-eyes/db/migrations/0008_lean_mother_askani.sql|apps/union-eyes/db/migrations/0008_lean_mother_askani.sql|apps/union-eyes/db/migrations/0008_lean_mother_askani.sql|apps/union-eyes/db/migrations/0008_lean_mother_askani.sql|apps/union-eyes/db/migrations/0008_lean_mother_askani.sql|apps/union-eyes/db/migrations/0008_lean_mother_askani.sql|apps/union-eyes/db/migrations/0008_lean_mother_askani.sql|apps/union-eyes/db/migrations/0008_lean_mother_askani.sql|apps/union-eyes/db/migrations/0008_lean_mother_askani.sql|apps/union-eyes/db/migrations/0008_lean_mother_askani.sql|apps/union-eyes/db/migrations/0008_lean_mother_askani.sql|apps/union-eyes/db/migrations/0008_lean_mother_askani.sql|apps/union-eyes/db/migrations/0008_lean_mother_askani.sql|apps/union-eyes/db/migrations/0008_lean_mother_askani.sql|apps/union-eyes/db/migrations-audit/0000_familiar_silhouette.sql
newsletter_campaigns,DJANGO_OWNED,apps/union-eyes/backend/notifications/migrations/0001_initial.py,DJANGO_MIGRATIONS,10,false,tenant,SELECT,true,true,1,0,DJANGO_CANONICAL_LINEAGE,REQUIRED,,domains/communications/newsletters,domains/communications/newsletters.newsletterCampaigns|newsletter-schema.newsletterCampaigns,apps/union-eyes/backend/notifications/models.py,apps/union-eyes/backend/notifications/migrations/0001_initial.py|apps/union-eyes/db/migrations/20260507_fixup_create_break_glass_activations.sql|apps/union-eyes/db/migrations-audit/0000_familiar_silhouette.sql
newsletter_distribution_lists,DJANGO_OWNED,apps/union-eyes/backend/notifications/migrations/0001_initial.py,DJANGO_MIGRATIONS,10,false,tenant,SELECT|INSERT|UPDATE|DELETE,true,true,3,0,DJANGO_CANONICAL_LINEAGE,REQUIRED,,domains/communications/newsletters,domains/communications/newsletters.newsletterDistributionLists|newsletter-schema.newsletterDistributionLists,apps/union-eyes/backend/notifications/models.py,apps/union-eyes/backend/notifications/migrations/0001_initial.py|apps/union-eyes/db/migrations/20260507_fixup_create_break_glass_activations.sql|apps/union-eyes/db/migrations-audit/0000_familiar_silhouette.sql
newsletter_list_subscribers,DJANGO_OWNED,apps/union-eyes/backend/notifications/migrations/0001_initial.py,DJANGO_MIGRATIONS,10,false,tenant,SELECT|UPDATE,true,true,1,1,DJANGO_CANONICAL_LINEAGE,REQUIRED,,domains/communications/newsletters,domains/communications/newsletters.newsletterListSubscribers|newsletter-schema.newsletterListSubscribers,apps/union-eyes/backend/notifications/models.py,apps/union-eyes/backend/notifications/migrations/0001_initial.py|apps/union-eyes/db/migrations/20260507_fixup_create_break_glass_activations.sql|apps/union-eyes/db/migrations-audit/0000_familiar_silhouette.sql
newsletter_recipients,DJANGO_OWNED,apps/union-eyes/backend/notifications/migrations/0001_initial.py,DJANGO_MIGRATIONS,10,false,tenant,SELECT,true,true,1,0,DJANGO_CANONICAL_LINEAGE,REQUIRED,,domains/communications/newsletters,domains/communications/newsletters.newsletterRecipients|newsletter-schema.newsletterRecipients,apps/union-eyes/backend/notifications/models.py,apps/union-eyes/backend/notifications/migrations/0001_initial.py|apps/union-eyes/db/migrations/20260507_fixup_create_break_glass_activations.sql|apps/union-eyes/db/migrations-audit/0000_familiar_silhouette.sql
notification_delivery_log,DJANGO_OWNED,apps/union-eyes/backend/notifications/migrations/0001_initial.py,DJANGO_MIGRATIONS,10,false,mixed,SELECT|INSERT,true,true,0,1,DJANGO_CANONICAL_LINEAGE,REQUIRED,,domains/communications/notifications,domains/communications/notifications.notificationDeliveryLog|notifications-schema.notificationDeliveryLog,apps/union-eyes/backend/notifications/models.py,apps/union-eyes/backend/notifications/migrations/0001_initial.py|apps/union-eyes/db/migrations/0006_flat_stepford_cuckoos.sql|apps/union-eyes/db/migrations-audit/0000_familiar_silhouette.sql
notification_queue,DJANGO_OWNED,apps/union-eyes/backend/notifications/migrations/0001_initial.py,DJANGO_MIGRATIONS,10,false,mixed,SELECT|INSERT|UPDATE|DELETE,true,true,2,2,DJANGO_CANONICAL_LINEAGE,REQUIRED,,domains/communications/notifications,domains/communications/notifications.notificationQueue|notifications-schema.notificationQueue,apps/union-eyes/backend/notifications/models.py,apps/union-eyes/backend/notifications/migrations/0001_initial.py|apps/union-eyes/db/migrations/0006_flat_stepford_cuckoos.sql|apps/union-eyes/db/migrations-audit/0000_familiar_silhouette.sql|apps/union-eyes/services/financial-service/drizzle/0000_lucky_mole_man.sql
notification_templates,DJANGO_OWNED,apps/union-eyes/backend/notifications/migrations/0001_initial.py,DJANGO_MIGRATIONS,10,false,tenant,SELECT|INSERT,true,true,2,0,DJANGO_CANONICAL_LINEAGE,REQUIRED,,domains/communications/notifications,domains/communications/notifications.notificationTemplates|notifications-schema.notificationTemplates,apps/union-eyes/backend/notifications/models.py,apps/union-eyes/backend/notifications/migrations/0001_initial.py|apps/union-eyes/db/migrations/0006_flat_stepford_cuckoos.sql|apps/union-eyes/db/migrations-audit/0000_familiar_silhouette.sql|apps/union-eyes/services/financial-service/drizzle/0000_lucky_mole_man.sql
notification_tracking,DJANGO_OWNED,apps/union-eyes/backend/notifications/migrations/0001_initial.py,DJANGO_MIGRATIONS,10,false,tenant,SELECT|INSERT,true,true,0,1,DJANGO_CANONICAL_LINEAGE,REQUIRED,,domains/communications/notifications,domains/communications/notifications.notificationTracking|notifications-schema.notificationTracking,apps/union-eyes/backend/notifications/models.py,apps/union-eyes/backend/notifications/migrations/0001_initial.py|apps/union-eyes/db/migrations/0008_lean_mother_askani.sql|apps/union-eyes/db/migrations/0008_lean_mother_askani.sql|apps/union-eyes/db/migrations/0008_lean_mother_askani.sql|apps/union-eyes/db/migrations/0008_lean_mother_askani.sql|apps/union-eyes/db/migrations/0008_lean_mother_askani.sql|apps/union-eyes/db/migrations/0008_lean_mother_askani.sql|apps/union-eyes/db/migrations/0008_lean_mother_askani.sql|apps/union-eyes/db/migrations/0008_lean_mother_askani.sql|apps/union-eyes/db/migrations/0008_lean_mother_askani.sql|apps/union-eyes/db/migrations/0008_lean_mother_askani.sql|apps/union-eyes/db/migrations/0008_lean_mother_askani.sql|apps/union-eyes/db/migrations/0008_lean_mother_askani.sql|apps/union-eyes/db/migrations/0008_lean_mother_askani.sql|apps/union-eyes/db/migrations/0008_lean_mother_askani.sql|apps/union-eyes/db/migrations/0008_lean_mother_askani.sql|apps/union-eyes/db/migrations/0008_lean_mother_askani.sql|apps/union-eyes/db/migrations/0008_lean_mother_askani.sql|apps/union-eyes/db/migrations/0008_lean_mother_askani.sql|apps/union-eyes/db/migrations/0008_lean_mother_askani.sql|apps/union-eyes/db/migrations/0008_lean_mother_askani.sql|apps/union-eyes/db/migrations/0008_lean_mother_askani.sql|apps/union-eyes/db/migrations/0008_lean_mother_askani.sql|apps/union-eyes/db/migrations/0008_lean_mother_askani.sql|apps/union-eyes/db/migrations/0008_lean_mother_askani.sql|apps/union-eyes/db/migrations/0008_lean_mother_askani.sql|apps/union-eyes/db/migrations/0008_lean_mother_askani.sql|apps/union-eyes/db/migrations/0008_lean_mother_askani.sql|apps/union-eyes/db/migrations/0008_lean_mother_askani.sql|apps/union-eyes/db/migrations/0008_lean_mother_askani.sql|apps/union-eyes/db/migrations-audit/0000_familiar_silhouette.sql
notifications,DJANGO_OWNED,apps/union-eyes/backend/notifications/migrations/0001_initial.py,DJANGO_MIGRATIONS,10,false,tenant,SELECT|INSERT|UPDATE|DELETE,true,true,0,2,DJANGO_CANONICAL_LINEAGE,REQUIRED,,domains/communications/notifications,domains/communications/notifications.notifications|notifications-schema.notifications,apps/union-eyes/backend/notifications/models.py,apps/union-eyes/backend/notifications/migrations/0001_initial.py|apps/union-eyes/db/migrations/0004_phase2_complete.sql|apps/union-eyes/db/migrations-audit/0000_familiar_silhouette.sql
org_configurations,PLATFORM_SQL_OWNED,apps/union-eyes/db/migrations/0041_steady_reavers.sql,UNION_EYES_LEGACY_SQL,20,false,tenant,SELECT|INSERT|UPDATE|DELETE,true,true,2,2,ACTIVE_SQL_PLATFORM_LINEAGE,REQUIRED,,db/schema-organizations,db/schema-organizations.orgConfigurations,,apps/union-eyes/db/migrations/0041_steady_reavers.sql|apps/union-eyes/db/migrations/0096_add_missing_ue_required_tables.sql|apps/union-eyes/db/migrations-audit/0000_familiar_silhouette.sql
org_entitlements,PLATFORM_SQL_OWNED,apps/union-eyes/db/migrations/0085_monetization_infrastructure_layer.sql,UNION_EYES_LEGACY_SQL,20,false,tenant,SELECT,true,true,3,1,ACTIVE_SQL_PLATFORM_LINEAGE,REQUIRED,,domains/finance/contracts,domains/finance/contracts.orgEntitlements,,apps/union-eyes/db/migrations/0085_monetization_infrastructure_layer.sql|migrations/platform/20260520_org_entitlements.sql
org_subscriptions,PLATFORM_SQL_OWNED,apps/union-eyes/db/migrations/20260325_dapl_platform_ledger.sql,UNION_EYES_LEGACY_SQL,20,false,tenant,SELECT|INSERT|UPDATE,true,true,7,5,ACTIVE_SQL_PLATFORM_LINEAGE,REQUIRED,,domains/finance/platform-billing,domains/finance/platform-billing.orgSubscriptions,,apps/union-eyes/db/migrations/20260325_dapl_platform_ledger.sql|apps/union-eyes/db/migrations-audit/0000_familiar_silhouette.sql|apps/union-eyes/db/migrations-audit/finance-tables.sql|migrations/finance-platform-billing-tables.sql|tooling/sql/union-eyes-qa-baseline.sql
organization_members,DJANGO_OWNED,apps/union-eyes/backend/auth_core/migrations/0001_initial.py,DJANGO_MIGRATIONS,10,false,mixed,SELECT|INSERT|UPDATE|DELETE,true,true,81,10,DJANGO_CANONICAL_LINEAGE,REQUIRED,,db/schema-organizations,db/schema-organizations.organizationMembers,apps/union-eyes/backend/auth_core/models.py,apps/union-eyes/backend/auth_core/migrations/0001_initial.py|apps/union-eyes/db/migrations/0000_flippant_luke_cage.sql|apps/union-eyes/db/migrations/0001_phase5b_inter_union_features.sql|apps/union-eyes/db/migrations-audit/0000_familiar_silhouette.sql|tooling/sql/union-eyes-qa-baseline.sql|apps/union-eyes/services/financial-service/drizzle/0000_lucky_mole_man.sql
organization_users,DJANGO_OWNED,apps/union-eyes/backend/auth_core/migrations/0001_initial.py,DJANGO_MIGRATIONS,10,false,mixed,SELECT|INSERT|UPDATE|DELETE,true,false,0,0,DJANGO_CANONICAL_LINEAGE,EXCLUDED_BY_SCOPE_DISPOSITION,,undeclared,,apps/union-eyes/backend/auth_core/models.py,apps/union-eyes/backend/auth_core/migrations/0001_initial.py|apps/union-eyes/db/migrations/0008_lean_mother_askani.sql|apps/union-eyes/db/migrations/0008_lean_mother_askani.sql|apps/union-eyes/db/migrations/0008_lean_mother_askani.sql|apps/union-eyes/db/migrations/0008_lean_mother_askani.sql|apps/union-eyes/db/migrations/0008_lean_mother_askani.sql|apps/union-eyes/db/migrations/0008_lean_mother_askani.sql|apps/union-eyes/db/migrations/0008_lean_mother_askani.sql|apps/union-eyes/db/migrations/0008_lean_mother_askani.sql|apps/union-eyes/db/migrations/0008_lean_mother_askani.sql|apps/union-eyes/db/migrations/0008_lean_mother_askani.sql|apps/union-eyes/db/migrations/0008_lean_mother_askani.sql|apps/union-eyes/db/migrations/0008_lean_mother_askani.sql|apps/union-eyes/db/migrations/0008_lean_mother_askani.sql|apps/union-eyes/db/migrations/0008_lean_mother_askani.sql|apps/union-eyes/db/migrations/0008_lean_mother_askani.sql|apps/union-eyes/db/migrations/0008_lean_mother_askani.sql|apps/union-eyes/db/migrations/0008_lean_mother_askani.sql|apps/union-eyes/db/migrations/0008_lean_mother_askani.sql|apps/union-eyes/db/migrations/0008_lean_mother_askani.sql|apps/union-eyes/db/migrations/0008_lean_mother_askani.sql|apps/union-eyes/db/migrations/0008_lean_mother_askani.sql|apps/union-eyes/db/migrations/0008_lean_mother_askani.sql|apps/union-eyes/db/migrations/0008_lean_mother_askani.sql|apps/union-eyes/db/migrations/0008_lean_mother_askani.sql|apps/union-eyes/db/migrations/0008_lean_mother_askani.sql|apps/union-eyes/db/migrations/0008_lean_mother_askani.sql|apps/union-eyes/db/migrations/0008_lean_mother_askani.sql|apps/union-eyes/db/migrations/0008_lean_mother_askani.sql|apps/union-eyes/db/migrations/0008_lean_mother_askani.sql
organizations,DJANGO_OWNED,apps/union-eyes/backend/auth_core/migrations/0001_initial.py,DJANGO_MIGRATIONS,10,false,mixed,SELECT|UPDATE,true,true,70,11,DJANGO_CANONICAL_LINEAGE,REQUIRED,,db/schema-organizations,db/schema-organizations.organizations,apps/union-eyes/backend/auth_core/models.py,apps/union-eyes/backend/auth_core/migrations/0001_initial.py|apps/union-eyes/db/migrations/0002_true_selene.sql|apps/union-eyes/db/migrations-audit/0000_familiar_silhouette.sql|tooling/sql/union-eyes-qa-baseline.sql|apps/union-eyes/services/financial-service/drizzle/0000_lucky_mole_man.sql
organizer_tasks,DJANGO_OWNED,apps/union-eyes/backend/unions/migrations/0001_initial.py,DJANGO_MIGRATIONS,10,false,tenant,SELECT|INSERT,true,false,0,0,DJANGO_CANONICAL_LINEAGE,REQUIRED,,domains/communications/organizer-workflows,domains/communications/organizer-workflows.organizerTasks,apps/union-eyes/backend/unions/models.py,apps/union-eyes/backend/unions/migrations/0001_initial.py|apps/union-eyes/db/migrations-audit/0000_familiar_silhouette.sql
organizing_campaigns,DJANGO_OWNED,apps/union-eyes/backend/unions/migrations/0001_initial.py,DJANGO_MIGRATIONS,10,false,tenant,SELECT|INSERT|UPDATE|DELETE,true,false,0,0,DJANGO_CANONICAL_LINEAGE,REQUIRED,,domains/infrastructure/organizing,domains/infrastructure/organizing.organizingCampaigns|organizing-tools-schema.organizingCampaigns,apps/union-eyes/backend/unions/models.py,apps/union-eyes/backend/unions/migrations/0001_initial.py|apps/union-eyes/db/migrations/0008_lean_mother_askani.sql|apps/union-eyes/db/migrations/0008_lean_mother_askani.sql|apps/union-eyes/db/migrations/0008_lean_mother_askani.sql|apps/union-eyes/db/migrations/0008_lean_mother_askani.sql|apps/union-eyes/db/migrations/0008_lean_mother_askani.sql|apps/union-eyes/db/migrations/0008_lean_mother_askani.sql|apps/union-eyes/db/migrations/0008_lean_mother_askani.sql|apps/union-eyes/db/migrations/0008_lean_mother_askani.sql|apps/union-eyes/db/migrations/0008_lean_mother_askani.sql|apps/union-eyes/db/migrations/0008_lean_mother_askani.sql|apps/union-eyes/db/migrations/0008_lean_mother_askani.sql|apps/union-eyes/db/migrations/0008_lean_mother_askani.sql|apps/union-eyes/db/migrations/0008_lean_mother_askani.sql|apps/union-eyes/db/migrations/0008_lean_mother_askani.sql|apps/union-eyes/db/migrations/0008_lean_mother_askani.sql|apps/union-eyes/db/migrations/0008_lean_mother_askani.sql|apps/union-eyes/db/migrations/0008_lean_mother_askani.sql|apps/union-eyes/db/migrations/0008_lean_mother_askani.sql|apps/union-eyes/db/migrations/0008_lean_mother_askani.sql|apps/union-eyes/db/migrations/0008_lean_mother_askani.sql|apps/union-eyes/db/migrations/0008_lean_mother_askani.sql|apps/union-eyes/db/migrations/0008_lean_mother_askani.sql|apps/union-eyes/db/migrations/0008_lean_mother_askani.sql|apps/union-eyes/db/migrations/0008_lean_mother_askani.sql|apps/union-eyes/db/migrations/0008_lean_mother_askani.sql|apps/union-eyes/db/migrations/0008_lean_mother_askani.sql|apps/union-eyes/db/migrations/0008_lean_mother_askani.sql|apps/union-eyes/db/migrations/0008_lean_mother_askani.sql|apps/union-eyes/db/migrations/0008_lean_mother_askani.sql|apps/union-eyes/db/migrations-audit/0000_familiar_silhouette.sql|apps/union-eyes/services/financial-service/drizzle/0000_lucky_mole_man.sql
pay_equity_exercises,UNKNOWN,,PROJECTED_OR_RUNTIME_USED_WITHOUT_CREATION_LINEAGE,,false,tenant,SELECT|INSERT|UPDATE|DELETE,true,false,0,0,PROJECTED_OR_RUNTIME_USED_WITHOUT_CREATION_LINEAGE,UNRESOLVED,F,domains/health-safety/cnesst-schema,domains/health-safety/cnesst-schema.payEquityExercises,,
payment_allocations,PLATFORM_SQL_OWNED,apps/union-eyes/db/migrations/20260325_dapl_platform_ledger.sql,UNION_EYES_LEGACY_SQL,20,false,tenant,SELECT|INSERT,true,true,2,2,ACTIVE_SQL_PLATFORM_LINEAGE,REQUIRED,,domains/finance/platform-billing,domains/finance/platform-billing.paymentAllocations,,apps/union-eyes/db/migrations/20260325_dapl_platform_ledger.sql|apps/union-eyes/db/migrations-audit/0000_familiar_silhouette.sql|apps/union-eyes/db/migrations-audit/finance-tables.sql|migrations/finance-platform-billing-tables.sql
payment_cycles,DJANGO_OWNED,apps/union-eyes/backend/billing/migrations/0001_initial.py,DJANGO_MIGRATIONS,10,false,tenant,SELECT|INSERT|UPDATE|DELETE,true,false,0,0,DJANGO_CANONICAL_LINEAGE,REQUIRED,,domains/finance/payments,domains/finance/payments.paymentCycles|financial-payments-schema.paymentCycles,apps/union-eyes/backend/billing/models.py,apps/union-eyes/backend/billing/migrations/0001_initial.py|apps/union-eyes/db/migrations/0008_lean_mother_askani.sql|apps/union-eyes/db/migrations/0008_lean_mother_askani.sql|apps/union-eyes/db/migrations/0008_lean_mother_askani.sql|apps/union-eyes/db/migrations/0008_lean_mother_askani.sql|apps/union-eyes/db/migrations/0008_lean_mother_askani.sql|apps/union-eyes/db/migrations/0008_lean_mother_askani.sql|apps/union-eyes/db/migrations/0008_lean_mother_askani.sql|apps/union-eyes/db/migrations/0008_lean_mother_askani.sql|apps/union-eyes/db/migrations/0008_lean_mother_askani.sql|apps/union-eyes/db/migrations/0008_lean_mother_askani.sql|apps/union-eyes/db/migrations/0008_lean_mother_askani.sql|apps/union-eyes/db/migrations/0008_lean_mother_askani.sql|apps/union-eyes/db/migrations/0008_lean_mother_askani.sql|apps/union-eyes/db/migrations/0008_lean_mother_askani.sql|apps/union-eyes/db/migrations/0008_lean_mother_askani.sql|apps/union-eyes/db/migrations/0008_lean_mother_askani.sql|apps/union-eyes/db/migrations/0008_lean_mother_askani.sql|apps/union-eyes/db/migrations/0008_lean_mother_askani.sql|apps/union-eyes/db/migrations/0008_lean_mother_askani.sql|apps/union-eyes/db/migrations/0008_lean_mother_askani.sql|apps/union-eyes/db/migrations/0008_lean_mother_askani.sql|apps/union-eyes/db/migrations/0008_lean_mother_askani.sql|apps/union-eyes/db/migrations/0008_lean_mother_askani.sql|apps/union-eyes/db/migrations/0008_lean_mother_askani.sql|apps/union-eyes/db/migrations/0008_lean_mother_askani.sql|apps/union-eyes/db/migrations/0008_lean_mother_askani.sql|apps/union-eyes/db/migrations/0008_lean_mother_askani.sql|apps/union-eyes/db/migrations/0008_lean_mother_askani.sql|apps/union-eyes/db/migrations/0008_lean_mother_askani.sql|apps/union-eyes/db/migrations-audit/0000_familiar_silhouette.sql
payment_disputes,DJANGO_OWNED,apps/union-eyes/backend/billing/migrations/0001_initial.py,DJANGO_MIGRATIONS,10,false,tenant,SELECT|INSERT|UPDATE|DELETE,true,false,0,0,DJANGO_CANONICAL_LINEAGE,REQUIRED,,domains/finance/payments,domains/finance/payments.paymentDisputes|financial-payments-schema.paymentDisputes,apps/union-eyes/backend/billing/models.py,apps/union-eyes/backend/billing/migrations/0001_initial.py|apps/union-eyes/db/migrations/0008_lean_mother_askani.sql|apps/union-eyes/db/migrations/0008_lean_mother_askani.sql|apps/union-eyes/db/migrations/0008_lean_mother_askani.sql|apps/union-eyes/db/migrations/0008_lean_mother_askani.sql|apps/union-eyes/db/migrations/0008_lean_mother_askani.sql|apps/union-eyes/db/migrations/0008_lean_mother_askani.sql|apps/union-eyes/db/migrations/0008_lean_mother_askani.sql|apps/union-eyes/db/migrations/0008_lean_mother_askani.sql|apps/union-eyes/db/migrations/0008_lean_mother_askani.sql|apps/union-eyes/db/migrations/0008_lean_mother_askani.sql|apps/union-eyes/db/migrations/0008_lean_mother_askani.sql|apps/union-eyes/db/migrations/0008_lean_mother_askani.sql|apps/union-eyes/db/migrations/0008_lean_mother_askani.sql|apps/union-eyes/db/migrations/0008_lean_mother_askani.sql|apps/union-eyes/db/migrations/0008_lean_mother_askani.sql|apps/union-eyes/db/migrations/0008_lean_mother_askani.sql|apps/union-eyes/db/migrations/0008_lean_mother_askani.sql|apps/union-eyes/db/migrations/0008_lean_mother_askani.sql|apps/union-eyes/db/migrations/0008_lean_mother_askani.sql|apps/union-eyes/db/migrations/0008_lean_mother_askani.sql|apps/union-eyes/db/migrations/0008_lean_mother_askani.sql|apps/union-eyes/db/migrations/0008_lean_mother_askani.sql|apps/union-eyes/db/migrations/0008_lean_mother_askani.sql|apps/union-eyes/db/migrations/0008_lean_mother_askani.sql|apps/union-eyes/db/migrations/0008_lean_mother_askani.sql|apps/union-eyes/db/migrations/0008_lean_mother_askani.sql|apps/union-eyes/db/migrations/0008_lean_mother_askani.sql|apps/union-eyes/db/migrations/0008_lean_mother_askani.sql|apps/union-eyes/db/migrations/0008_lean_mother_askani.sql|apps/union-eyes/db/migrations-audit/0000_familiar_silhouette.sql
payment_methods,DJANGO_OWNED,apps/union-eyes/backend/billing/migrations/0001_initial.py,DJANGO_MIGRATIONS,10,false,tenant,SELECT|INSERT|UPDATE|DELETE,true,false,0,0,DJANGO_CANONICAL_LINEAGE,REQUIRED,,domains/finance/payments,domains/finance/payments.paymentMethods|financial-payments-schema.paymentMethods,apps/union-eyes/backend/billing/models.py,apps/union-eyes/backend/billing/migrations/0001_initial.py|apps/union-eyes/db/migrations/0008_lean_mother_askani.sql|apps/union-eyes/db/migrations/0008_lean_mother_askani.sql|apps/union-eyes/db/migrations/0008_lean_mother_askani.sql|apps/union-eyes/db/migrations/0008_lean_mother_askani.sql|apps/union-eyes/db/migrations/0008_lean_mother_askani.sql|apps/union-eyes/db/migrations/0008_lean_mother_askani.sql|apps/union-eyes/db/migrations/0008_lean_mother_askani.sql|apps/union-eyes/db/migrations/0008_lean_mother_askani.sql|apps/union-eyes/db/migrations/0008_lean_mother_askani.sql|apps/union-eyes/db/migrations/0008_lean_mother_askani.sql|apps/union-eyes/db/migrations/0008_lean_mother_askani.sql|apps/union-eyes/db/migrations/0008_lean_mother_askani.sql|apps/union-eyes/db/migrations/0008_lean_mother_askani.sql|apps/union-eyes/db/migrations/0008_lean_mother_askani.sql|apps/union-eyes/db/migrations/0008_lean_mother_askani.sql|apps/union-eyes/db/migrations/0008_lean_mother_askani.sql|apps/union-eyes/db/migrations/0008_lean_mother_askani.sql|apps/union-eyes/db/migrations/0008_lean_mother_askani.sql|apps/union-eyes/db/migrations/0008_lean_mother_askani.sql|apps/union-eyes/db/migrations/0008_lean_mother_askani.sql|apps/union-eyes/db/migrations/0008_lean_mother_askani.sql|apps/union-eyes/db/migrations/0008_lean_mother_askani.sql|apps/union-eyes/db/migrations/0008_lean_mother_askani.sql|apps/union-eyes/db/migrations/0008_lean_mother_askani.sql|apps/union-eyes/db/migrations/0008_lean_mother_askani.sql|apps/union-eyes/db/migrations/0008_lean_mother_askani.sql|apps/union-eyes/db/migrations/0008_lean_mother_askani.sql|apps/union-eyes/db/migrations/0008_lean_mother_askani.sql|apps/union-eyes/db/migrations/0008_lean_mother_askani.sql|apps/union-eyes/db/migrations-audit/0000_familiar_silhouette.sql
payment_plans,DJANGO_OWNED,apps/union-eyes/backend/billing/migrations/0001_initial.py,DJANGO_MIGRATIONS,10,false,tenant,SELECT|INSERT|UPDATE|DELETE,true,true,3,1,DJANGO_CANONICAL_LINEAGE,REQUIRED,,dues-finance-schema,dues-finance-schema.paymentPlans,apps/union-eyes/backend/billing/models.py,apps/union-eyes/backend/billing/migrations/0001_initial.py
payments,DJANGO_OWNED,apps/union-eyes/backend/billing/migrations/0001_initial.py,DJANGO_MIGRATIONS,10,false,mixed,SELECT|INSERT|UPDATE,true,true,2,1,DJANGO_CANONICAL_LINEAGE,REQUIRED,,domains/finance/payments,domains/finance/payments.payments|financial-payments-schema.payments,apps/union-eyes/backend/billing/models.py,apps/union-eyes/backend/billing/migrations/0001_initial.py|apps/union-eyes/db/migrations/0008_lean_mother_askani.sql|apps/union-eyes/db/migrations/0008_lean_mother_askani.sql|apps/union-eyes/db/migrations/0008_lean_mother_askani.sql|apps/union-eyes/db/migrations/0008_lean_mother_askani.sql|apps/union-eyes/db/migrations/0008_lean_mother_askani.sql|apps/union-eyes/db/migrations/0008_lean_mother_askani.sql|apps/union-eyes/db/migrations/0008_lean_mother_askani.sql|apps/union-eyes/db/migrations/0008_lean_mother_askani.sql|apps/union-eyes/db/migrations/0008_lean_mother_askani.sql|apps/union-eyes/db/migrations/0008_lean_mother_askani.sql|apps/union-eyes/db/migrations/0008_lean_mother_askani.sql|apps/union-eyes/db/migrations/0008_lean_mother_askani.sql|apps/union-eyes/db/migrations/0008_lean_mother_askani.sql|apps/union-eyes/db/migrations/0008_lean_mother_askani.sql|apps/union-eyes/db/migrations/0008_lean_mother_askani.sql|apps/union-eyes/db/migrations/0008_lean_mother_askani.sql|apps/union-eyes/db/migrations/0008_lean_mother_askani.sql|apps/union-eyes/db/migrations/0008_lean_mother_askani.sql|apps/union-eyes/db/migrations/0008_lean_mother_askani.sql|apps/union-eyes/db/migrations/0008_lean_mother_askani.sql|apps/union-eyes/db/migrations/0008_lean_mother_askani.sql|apps/union-eyes/db/migrations/0008_lean_mother_askani.sql|apps/union-eyes/db/migrations/0008_lean_mother_askani.sql|apps/union-eyes/db/migrations/0008_lean_mother_askani.sql|apps/union-eyes/db/migrations/0008_lean_mother_askani.sql|apps/union-eyes/db/migrations/0008_lean_mother_askani.sql|apps/union-eyes/db/migrations/0008_lean_mother_askani.sql|apps/union-eyes/db/migrations/0008_lean_mother_askani.sql|apps/union-eyes/db/migrations/0008_lean_mother_askani.sql|apps/union-eyes/db/migrations-audit/0000_familiar_silhouette.sql
payroll_deductions,UNKNOWN,,PROJECTED_OR_RUNTIME_USED_WITHOUT_CREATION_LINEAGE,,false,tenant,SELECT,true,true,1,0,PROJECTED_OR_RUNTIME_USED_WITHOUT_CREATION_LINEAGE,UNRESOLVED,G,dues-finance-schema,dues-finance-schema.payrollDeductions,,
pending_profiles,DJANGO_OWNED,apps/union-eyes/backend/auth_core/migrations/0001_initial.py,DJANGO_MIGRATIONS,10,false,tenant,SELECT|INSERT,false,false,0,0,DJANGO_CANONICAL_LINEAGE,REQUIRED,,domains/member/pending-profiles,domains/member/pending-profiles.pendingProfilesTable|pending-profiles-schema.pendingProfilesTable,apps/union-eyes/backend/auth_core/models.py,apps/union-eyes/backend/auth_core/migrations/0001_initial.py|apps/union-eyes/db/migrations/20260324_add_remaining_missing_tables.sql|apps/union-eyes/db/migrations/20260507_fixup_create_break_glass_activations.sql|apps/union-eyes/db/migrations-audit/0000_familiar_silhouette.sql|scripts/stub-migration.sql|apps/union-eyes/services/financial-service/drizzle/0000_lucky_mole_man.sql
pension_benefit_claims,PLATFORM_SQL_OWNED,apps/union-eyes/db/migrations-audit/0000_familiar_silhouette.sql,UNION_EYES_AUDIT_SQL,40,false,tenant,SELECT|INSERT,true,true,1,1,OTHER_GOVERNED_LINEAGE,REQUIRED,,domains/finance/pension,domains/finance/pension.pensionBenefitClaims,,apps/union-eyes/db/migrations-audit/0000_familiar_silhouette.sql|scripts/stub-migration.sql|apps/union-eyes/services/financial-service/drizzle/0000_lucky_mole_man.sql
pension_contributions,PLATFORM_SQL_OWNED,apps/union-eyes/db/migrations-audit/0000_familiar_silhouette.sql,UNION_EYES_AUDIT_SQL,40,false,tenant,SELECT|INSERT,true,true,4,1,OTHER_GOVERNED_LINEAGE,REQUIRED,,domains/finance/pension,domains/finance/pension.pensionContributions,,apps/union-eyes/db/migrations-audit/0000_familiar_silhouette.sql|scripts/stub-migration.sql|apps/union-eyes/services/financial-service/drizzle/0000_lucky_mole_man.sql
pension_members,PLATFORM_SQL_OWNED,apps/union-eyes/db/migrations-audit/0000_familiar_silhouette.sql,UNION_EYES_AUDIT_SQL,40,false,tenant,SELECT|INSERT,true,true,4,1,OTHER_GOVERNED_LINEAGE,REQUIRED,,domains/finance/pension,domains/finance/pension.pensionMembers,,apps/union-eyes/db/migrations-audit/0000_familiar_silhouette.sql|scripts/stub-migration.sql
pension_plans,PLATFORM_SQL_OWNED,apps/union-eyes/db/migrations-audit/0000_familiar_silhouette.sql,UNION_EYES_AUDIT_SQL,40,false,tenant,SELECT|INSERT,true,true,3,2,OTHER_GOVERNED_LINEAGE,REQUIRED,,domains/finance/pension,domains/finance/pension.pensionPlans,,apps/union-eyes/db/migrations-audit/0000_familiar_silhouette.sql|scripts/stub-migration.sql|apps/union-eyes/services/financial-service/drizzle/0000_lucky_mole_man.sql
pension_t4a_records,PLATFORM_SQL_OWNED,apps/union-eyes/db/migrations-audit/0000_familiar_silhouette.sql,UNION_EYES_AUDIT_SQL,40,false,tenant,SELECT|INSERT,true,true,2,2,OTHER_GOVERNED_LINEAGE,REQUIRED,,domains/finance/pension,domains/finance/pension.pensionT4aRecords,,apps/union-eyes/db/migrations-audit/0000_familiar_silhouette.sql|scripts/stub-migration.sql
pension_trustee_meetings,PLATFORM_SQL_OWNED,apps/union-eyes/db/migrations-audit/0000_familiar_silhouette.sql,UNION_EYES_AUDIT_SQL,40,false,tenant,SELECT|INSERT,true,true,2,2,OTHER_GOVERNED_LINEAGE,REQUIRED,,domains/finance/pension,domains/finance/pension.pensionTrusteeMeetings,,apps/union-eyes/db/migrations-audit/0000_familiar_silhouette.sql|scripts/stub-migration.sql|apps/union-eyes/services/financial-service/drizzle/0000_lucky_mole_man.sql
pension_trustees,PLATFORM_SQL_OWNED,apps/union-eyes/db/migrations-audit/0000_familiar_silhouette.sql,UNION_EYES_AUDIT_SQL,40,false,tenant,SELECT|INSERT,true,true,2,2,OTHER_GOVERNED_LINEAGE,REQUIRED,,domains/finance/pension,domains/finance/pension.pensionTrustees,,apps/union-eyes/db/migrations-audit/0000_familiar_silhouette.sql|scripts/stub-migration.sql|apps/union-eyes/services/financial-service/drizzle/0000_lucky_mole_man.sql
per_capita_remittances,DJANGO_OWNED,apps/union-eyes/backend/billing/migrations/0001_initial.py,DJANGO_MIGRATIONS,10,false,mixed,SELECT,true,true,11,2,DJANGO_CANONICAL_LINEAGE,REQUIRED,,clc-per-capita-schema,clc-per-capita-schema.perCapitaRemittances|domains/infrastructure/clc-per-capita.perCapitaRemittances,apps/union-eyes/backend/billing/models.py,apps/union-eyes/backend/billing/migrations/0001_initial.py|apps/union-eyes/db/migrations/0002_true_selene.sql|apps/union-eyes/db/migrations-audit/0000_familiar_silhouette.sql|apps/union-eyes/services/financial-service/drizzle/0000_lucky_mole_man.sql
pilot_applications,DJANGO_OWNED,apps/union-eyes/backend/content/migrations/0001_initial.py,DJANGO_MIGRATIONS,10,false,mixed,SELECT|INSERT|UPDATE,true,true,10,6,DJANGO_CANONICAL_LINEAGE,REQUIRED,,domains/marketing,domains/marketing.pilotApplications,apps/union-eyes/backend/content/models.py,apps/union-eyes/backend/content/migrations/0001_initial.py|apps/union-eyes/db/migrations-audit/0001_silky_elektra.sql
pilot_checklist_items,PLATFORM_SQL_OWNED,apps/union-eyes/db/migrations/0082_add_pilot_tables.sql,UNION_EYES_LEGACY_SQL,20,false,tenant,SELECT|INSERT|UPDATE|DELETE,true,true,1,2,ACTIVE_SQL_PLATFORM_LINEAGE,REQUIRED,,domains/pilot/pilot-onboarding,domains/pilot/pilot-onboarding.pilotChecklistItems,,apps/union-eyes/db/migrations/0082_add_pilot_tables.sql|apps/union-eyes/db/migrations-audit/0000_familiar_silhouette.sql
pilot_demo_seeds,PLATFORM_SQL_OWNED,apps/union-eyes/db/migrations/0082_add_pilot_tables.sql,UNION_EYES_LEGACY_SQL,20,false,tenant,SELECT|INSERT|UPDATE|DELETE,true,true,2,1,ACTIVE_SQL_PLATFORM_LINEAGE,REQUIRED,,domains/pilot/pilot-demo-seeds,domains/pilot/pilot-demo-seeds.pilotDemoSeeds,,apps/union-eyes/db/migrations/0082_add_pilot_tables.sql|apps/union-eyes/db/migrations-audit/0000_familiar_silhouette.sql
pilot_enrollments,PLATFORM_SQL_OWNED,apps/union-eyes/db/migrations/0025_pilot_enrollments.sql,UNION_EYES_LEGACY_SQL,20,false,tenant,SELECT,true,true,2,0,ACTIVE_SQL_PLATFORM_LINEAGE,REQUIRED,,domains/pilot/pilot-enrollments,domains/pilot/pilot-enrollments.pilotEnrollments,,apps/union-eyes/db/migrations/0025_pilot_enrollments.sql|apps/union-eyes/db/migrations-audit/0000_familiar_silhouette.sql
pilot_events,PLATFORM_SQL_OWNED,apps/union-eyes/db/migrations/20260404_pilot_observability.sql,UNION_EYES_LEGACY_SQL,20,false,tenant,SELECT|INSERT|UPDATE,true,true,6,1,ACTIVE_SQL_PLATFORM_LINEAGE,REQUIRED,,domains/pilot/pilot-events,domains/pilot/pilot-events.pilotEvents,,apps/union-eyes/db/migrations/20260404_pilot_observability.sql
pilot_feedback,PLATFORM_SQL_OWNED,apps/union-eyes/db/migrations/20260404_pilot_observability.sql,UNION_EYES_LEGACY_SQL,20,false,tenant,SELECT|INSERT,true,true,2,1,ACTIVE_SQL_PLATFORM_LINEAGE,REQUIRED,,domains/pilot/pilot-feedback,domains/pilot/pilot-feedback.pilotFeedback,,apps/union-eyes/db/migrations/20260404_pilot_observability.sql
pilot_metrics,DJANGO_OWNED,apps/union-eyes/backend/content/migrations/0001_initial.py,DJANGO_MIGRATIONS,10,false,tenant,SELECT,true,true,1,0,DJANGO_CANONICAL_LINEAGE,REQUIRED,,domains/marketing,domains/marketing.pilotMetrics,apps/union-eyes/backend/content/models.py,apps/union-eyes/backend/content/migrations/0001_initial.py|apps/union-eyes/db/migrations-audit/0001_silky_elektra.sql
pilot_milestones,PLATFORM_SQL_OWNED,apps/union-eyes/db/migrations/0025_pilot_enrollments.sql,UNION_EYES_LEGACY_SQL,20,false,tenant,SELECT,true,true,2,0,ACTIVE_SQL_PLATFORM_LINEAGE,REQUIRED,,domains/pilot/pilot-milestones,domains/pilot/pilot-milestones.pilotMilestones,,apps/union-eyes/db/migrations/0025_pilot_enrollments.sql|apps/union-eyes/db/migrations-audit/0000_familiar_silhouette.sql
platform_cost_ledger_entries,PLATFORM_SQL_OWNED,apps/union-eyes/db/migrations/20260325_dapl_platform_ledger.sql,UNION_EYES_LEGACY_SQL,20,false,tenant,SELECT|INSERT,true,true,3,2,ACTIVE_SQL_PLATFORM_LINEAGE,REQUIRED,,domains/finance/platform-ledger,domains/finance/platform-ledger.platformCostLedgerEntries,,apps/union-eyes/db/migrations/20260325_dapl_platform_ledger.sql|apps/union-eyes/db/migrations-audit/0000_familiar_silhouette.sql|apps/union-eyes/db/migrations-audit/finance-tables.sql|migrations/finance-platform-billing-tables.sql
platform_invoice_line_items,PLATFORM_SQL_OWNED,apps/union-eyes/db/migrations/20260325_dapl_platform_ledger.sql,UNION_EYES_LEGACY_SQL,20,false,tenant,SELECT|INSERT,true,true,2,2,ACTIVE_SQL_PLATFORM_LINEAGE,REQUIRED,,domains/finance/platform-billing,domains/finance/platform-billing.platformInvoiceLineItems,,apps/union-eyes/db/migrations/20260325_dapl_platform_ledger.sql|apps/union-eyes/db/migrations-audit/0000_familiar_silhouette.sql|apps/union-eyes/db/migrations-audit/finance-tables.sql|migrations/finance-platform-billing-tables.sql
platform_invoices,PLATFORM_SQL_OWNED,apps/union-eyes/db/migrations/20260325_dapl_platform_ledger.sql,UNION_EYES_LEGACY_SQL,20,false,tenant,SELECT|INSERT|UPDATE,true,true,5,2,ACTIVE_SQL_PLATFORM_LINEAGE,REQUIRED,,domains/finance/platform-billing,domains/finance/platform-billing.platformInvoices,,apps/union-eyes/db/migrations/20260325_dapl_platform_ledger.sql|apps/union-eyes/db/migrations-audit/0000_familiar_silhouette.sql|apps/union-eyes/db/migrations-audit/finance-tables.sql|migrations/finance-platform-billing-tables.sql|tooling/sql/union-eyes-qa-baseline.sql
platform_payments,PLATFORM_SQL_OWNED,apps/union-eyes/db/migrations/20260325_dapl_platform_ledger.sql,UNION_EYES_LEGACY_SQL,20,false,mixed,SELECT|INSERT|UPDATE,true,true,4,2,ACTIVE_SQL_PLATFORM_LINEAGE,REQUIRED,,domains/finance/platform-billing,domains/finance/platform-billing.platformPayments,,apps/union-eyes/db/migrations/20260325_dapl_platform_ledger.sql|apps/union-eyes/db/migrations-audit/0000_familiar_silhouette.sql|apps/union-eyes/db/migrations-audit/finance-tables.sql|migrations/finance-platform-billing-tables.sql|tooling/sql/union-eyes-qa-baseline.sql
policy_evaluations,DJANGO_OWNED,apps/union-eyes/backend/compliance/migrations/0001_initial.py,DJANGO_MIGRATIONS,10,false,mixed,INSERT,true,true,1,1,DJANGO_CANONICAL_LINEAGE,REQUIRED,,policy-engine-schema,policy-engine-schema.policyEvaluations,apps/union-eyes/backend/compliance/models.py,apps/union-eyes/backend/compliance/migrations/0001_initial.py
policy_exceptions,DJANGO_OWNED,apps/union-eyes/backend/compliance/migrations/0001_initial.py,DJANGO_MIGRATIONS,10,false,tenant,SELECT,true,true,1,0,DJANGO_CANONICAL_LINEAGE,REQUIRED,,policy-engine-schema,policy-engine-schema.policyExceptions,apps/union-eyes/backend/compliance/models.py,apps/union-eyes/backend/compliance/migrations/0001_initial.py
policy_rules,DJANGO_OWNED,apps/union-eyes/backend/compliance/migrations/0001_initial.py,DJANGO_MIGRATIONS,10,false,tenant,SELECT,true,true,1,0,DJANGO_CANONICAL_LINEAGE,REQUIRED,,policy-engine-schema,policy-engine-schema.policyRules,apps/union-eyes/backend/compliance/models.py,apps/union-eyes/backend/compliance/migrations/0001_initial.py
poll_votes,DJANGO_OWNED,apps/union-eyes/backend/unions/migrations/0001_initial.py,DJANGO_MIGRATIONS,10,false,tenant,SELECT|INSERT,true,true,1,0,DJANGO_CANONICAL_LINEAGE,REQUIRED,,domains/communications/surveys,domains/communications/surveys.pollVotes|survey-polling-schema.pollVotes,apps/union-eyes/backend/unions/models.py,apps/union-eyes/backend/unions/migrations/0001_initial.py|apps/union-eyes/db/migrations/20260507_fixup_create_break_glass_activations.sql|apps/union-eyes/db/migrations-audit/0000_familiar_silhouette.sql
polls,DJANGO_OWNED,apps/union-eyes/backend/unions/migrations/0001_initial.py,DJANGO_MIGRATIONS,10,false,tenant,SELECT|INSERT|UPDATE|DELETE,true,false,0,0,DJANGO_CANONICAL_LINEAGE,REQUIRED,,domains/communications/surveys,domains/communications/surveys.polls|survey-polling-schema.polls,apps/union-eyes/backend/unions/models.py,apps/union-eyes/backend/unions/migrations/0001_initial.py|apps/union-eyes/db/migrations/20260507_fixup_create_break_glass_activations.sql|apps/union-eyes/db/migrations-audit/0000_familiar_silhouette.sql
ppe_equipment,DJANGO_OWNED,apps/union-eyes/backend/compliance/migrations/0001_initial.py,DJANGO_MIGRATIONS,10,false,tenant,SELECT|INSERT,true,true,1,0,DJANGO_CANONICAL_LINEAGE,REQUIRED,,domains/health-safety/health-safety-schema,domains/health-safety/health-safety-schema.ppeEquipment,apps/union-eyes/backend/compliance/models.py,apps/union-eyes/backend/compliance/migrations/0001_initial.py|apps/union-eyes/db/migrations-audit/0000_familiar_silhouette.sql
preventive_withdrawals,UNKNOWN,,PROJECTED_OR_RUNTIME_USED_WITHOUT_CREATION_LINEAGE,,false,tenant,SELECT|INSERT|UPDATE|DELETE,true,false,0,0,PROJECTED_OR_RUNTIME_USED_WITHOUT_CREATION_LINEAGE,UNRESOLVED,F,domains/health-safety/cnesst-schema,domains/health-safety/cnesst-schema.preventiveWithdrawals,,
profiles,DJANGO_OWNED,apps/union-eyes/backend/auth_core/migrations/0001_initial.py,DJANGO_MIGRATIONS,10,false,tenant,SELECT|INSERT|UPDATE,true,true,5,0,DJANGO_CANONICAL_LINEAGE,REQUIRED,,domains/member/profiles,domains/member/profiles.profilesTable|profiles-schema.profilesTable,apps/union-eyes/backend/auth_core/models.py,apps/union-eyes/backend/auth_core/migrations/0001_initial.py|apps/union-eyes/db/migrations/20260507_fixup_create_break_glass_activations.sql|apps/union-eyes/db/migrations-audit/0000_familiar_silhouette.sql|tooling/sql/union-eyes-qa-baseline.sql|apps/union-eyes/services/financial-service/drizzle/0000_lucky_mole_man.sql
provincial_consent,DJANGO_OWNED,apps/union-eyes/backend/compliance/migrations/0001_initial.py,DJANGO_MIGRATIONS,10,false,tenant,SELECT|INSERT|UPDATE,true,true,1,1,DJANGO_CANONICAL_LINEAGE,REQUIRED,,domains/compliance/provincial-privacy,domains/compliance/provincial-privacy.provincialConsent|provincial-privacy-schema.provincialConsent,apps/union-eyes/backend/compliance/models.py,apps/union-eyes/backend/compliance/migrations/0001_initial.py|apps/union-eyes/db/migrations/20260507_fixup_create_break_glass_activations.sql|apps/union-eyes/db/migrations-audit/0000_familiar_silhouette.sql
provincial_data_handling,DJANGO_OWNED,apps/union-eyes/backend/compliance/migrations/0001_initial.py,DJANGO_MIGRATIONS,10,false,tenant,SELECT|INSERT|UPDATE,true,true,0,1,DJANGO_CANONICAL_LINEAGE,REQUIRED,,domains/compliance/provincial-privacy,domains/compliance/provincial-privacy.provincialDataHandling|provincial-privacy-schema.provincialDataHandling,apps/union-eyes/backend/compliance/models.py,apps/union-eyes/backend/compliance/migrations/0001_initial.py|apps/union-eyes/db/migrations/0004_phase2_complete.sql|apps/union-eyes/db/migrations-audit/0000_familiar_silhouette.sql
provincial_privacy_config,DJANGO_OWNED,apps/union-eyes/backend/compliance/migrations/0001_initial.py,DJANGO_MIGRATIONS,10,false,tenant,SELECT,false,true,1,0,DJANGO_CANONICAL_LINEAGE,REQUIRED,,domains/compliance/provincial-privacy,domains/compliance/provincial-privacy.provincialPrivacyConfig|provincial-privacy-schema.provincialPrivacyConfig,apps/union-eyes/backend/compliance/models.py,apps/union-eyes/backend/compliance/migrations/0001_initial.py|apps/union-eyes/db/migrations/0004_phase2_complete.sql|apps/union-eyes/db/migrations-audit/0000_familiar_silhouette.sql
push_devices,DJANGO_OWNED,apps/union-eyes/backend/notifications/migrations/0001_initial.py,DJANGO_MIGRATIONS,10,false,tenant,SELECT|INSERT,true,true,2,1,DJANGO_CANONICAL_LINEAGE,REQUIRED,,domains/communications/push-notifications,domains/communications/push-notifications.pushDevices|push-notifications.pushDevices,apps/union-eyes/backend/notifications/models.py,apps/union-eyes/backend/notifications/migrations/0001_initial.py|apps/union-eyes/db/migrations/20260507_fixup_create_break_glass_activations.sql|apps/union-eyes/db/migrations-audit/0000_familiar_silhouette.sql
push_notifications,DJANGO_OWNED,apps/union-eyes/backend/notifications/migrations/0001_initial.py,DJANGO_MIGRATIONS,10,false,tenant,SELECT|INSERT|UPDATE|DELETE,true,true,1,0,DJANGO_CANONICAL_LINEAGE,REQUIRED,,domains/communications/push-notifications,domains/communications/push-notifications.pushNotifications|push-notifications.pushNotifications,apps/union-eyes/backend/notifications/models.py,apps/union-eyes/backend/notifications/migrations/0001_initial.py|apps/union-eyes/db/migrations/20260507_fixup_create_break_glass_activations.sql|apps/union-eyes/db/migrations-audit/0000_familiar_silhouette.sql
recognition_award_types,DJANGO_OWNED,apps/union-eyes/backend/unions/migrations/0001_initial.py,DJANGO_MIGRATIONS,10,false,mixed,SELECT,true,true,6,1,DJANGO_CANONICAL_LINEAGE,REQUIRED,,domains/infrastructure/rewards,domains/infrastructure/rewards.recognitionAwardTypes|recognition-rewards-schema.recognitionAwardTypes,apps/union-eyes/backend/unions/models.py,apps/union-eyes/backend/unions/migrations/0001_initial.py|apps/union-eyes/db/migrations/20260507_fixup_create_break_glass_activations.sql|apps/union-eyes/db/migrations/manual/058_recognition_rewards_system.sql|apps/union-eyes/db/migrations-audit/0000_familiar_silhouette.sql
recognition_awards,DJANGO_OWNED,apps/union-eyes/backend/unions/migrations/0001_initial.py,DJANGO_MIGRATIONS,10,false,mixed,SELECT|INSERT|UPDATE,true,true,5,1,DJANGO_CANONICAL_LINEAGE,REQUIRED,,domains/infrastructure/rewards,domains/infrastructure/rewards.recognitionAwards|recognition-rewards-schema.recognitionAwards,apps/union-eyes/backend/unions/models.py,apps/union-eyes/backend/unions/migrations/0001_initial.py|apps/union-eyes/db/migrations/20260507_fixup_create_break_glass_activations.sql|apps/union-eyes/db/migrations/manual/058_recognition_rewards_system.sql|apps/union-eyes/db/migrations-audit/0000_familiar_silhouette.sql
recognition_programs,DJANGO_OWNED,apps/union-eyes/backend/unions/migrations/0001_initial.py,DJANGO_MIGRATIONS,10,false,tenant,SELECT,true,true,5,1,DJANGO_CANONICAL_LINEAGE,REQUIRED,,domains/infrastructure/rewards,domains/infrastructure/rewards.recognitionPrograms|recognition-rewards-schema.recognitionPrograms,apps/union-eyes/backend/unions/models.py,apps/union-eyes/backend/unions/migrations/0001_initial.py|apps/union-eyes/db/migrations/20260507_fixup_create_break_glass_activations.sql|apps/union-eyes/db/migrations/manual/058_recognition_rewards_system.sql|apps/union-eyes/db/migrations-audit/0000_familiar_silhouette.sql
reconciliation_exceptions,PLATFORM_SQL_OWNED,apps/union-eyes/db/migrations/0086_monetization_phase2.sql,UNION_EYES_LEGACY_SQL,20,false,tenant,SELECT|INSERT|UPDATE,true,true,1,1,ACTIVE_SQL_PLATFORM_LINEAGE,REQUIRED,,domains/finance/reconciliation,domains/finance/reconciliation.reconciliationExceptions,,apps/union-eyes/db/migrations/0086_monetization_phase2.sql
reconciliation_matches,PLATFORM_SQL_OWNED,apps/union-eyes/db/migrations/0086_monetization_phase2.sql,UNION_EYES_LEGACY_SQL,20,false,tenant,SELECT|INSERT,true,true,0,1,ACTIVE_SQL_PLATFORM_LINEAGE,REQUIRED,,domains/finance/reconciliation,domains/finance/reconciliation.reconciliationMatches,,apps/union-eyes/db/migrations/0086_monetization_phase2.sql
reconciliation_runs,PLATFORM_SQL_OWNED,apps/union-eyes/db/migrations/0086_monetization_phase2.sql,UNION_EYES_LEGACY_SQL,20,false,tenant,SELECT|INSERT|UPDATE,true,true,2,1,ACTIVE_SQL_PLATFORM_LINEAGE,REQUIRED,,domains/finance/reconciliation,domains/finance/reconciliation.reconciliationRuns,,apps/union-eyes/db/migrations/0086_monetization_phase2.sql
remittance_exceptions,DJANGO_OWNED,apps/union-eyes/backend/billing/migrations/0001_initial.py,DJANGO_MIGRATIONS,10,false,tenant,SELECT|INSERT|UPDATE|DELETE,true,true,0,1,DJANGO_CANONICAL_LINEAGE,REQUIRED,,dues-finance-schema,dues-finance-schema.remittanceExceptions,apps/union-eyes/backend/billing/models.py,apps/union-eyes/backend/billing/migrations/0001_initial.py
remittance_line_items,DJANGO_OWNED,apps/union-eyes/backend/billing/migrations/0001_initial.py,DJANGO_MIGRATIONS,10,false,tenant,SELECT|INSERT|UPDATE|DELETE,true,true,4,4,DJANGO_CANONICAL_LINEAGE,REQUIRED,,dues-finance-schema,dues-finance-schema.remittanceLineItems,apps/union-eyes/backend/billing/models.py,apps/union-eyes/backend/billing/migrations/0001_initial.py
reports,DJANGO_OWNED,apps/union-eyes/backend/analytics/migrations/0001_initial.py,DJANGO_MIGRATIONS,10,false,tenant,SELECT|INSERT|UPDATE|DELETE,true,true,1,0,DJANGO_CANONICAL_LINEAGE,REQUIRED,,domains/analytics/reports,domains/analytics/reports.reports|reports-schema.reports,apps/union-eyes/backend/analytics/models.py,apps/union-eyes/backend/analytics/migrations/0001_initial.py|apps/union-eyes/db/migrations/0001_phase5b_inter_union_features.sql|apps/union-eyes/db/migrations/20260324_add_missing_tables_and_columns.sql|apps/union-eyes/db/migrations-audit/0000_familiar_silhouette.sql|apps/union-eyes/services/financial-service/drizzle/0000_lucky_mole_man.sql
representation_authorities,SCOPED_AUTHORITY_OWNED,apps/union-eyes/db/migrations/20260915_external_representation_authority.sql,UNION_EYES_LEGACY_SQL,20,true,tenant,SELECT|INSERT|UPDATE,true,true,1,1,ACTIVE_SQL_PLATFORM_LINEAGE,REQUIRED,,representation-authority-schema,representation-authority-schema.representationAuthorities,,apps/union-eyes/db/migrations/20260915_external_representation_authority.sql|apps/union-eyes/db/migrations-cache/0006_external_specialist_runtime_privilege_closure.sql
reward_budget_envelopes,DJANGO_OWNED,apps/union-eyes/backend/unions/migrations/0001_initial.py,DJANGO_MIGRATIONS,10,false,tenant,SELECT|INSERT|UPDATE,true,true,2,1,DJANGO_CANONICAL_LINEAGE,REQUIRED,,domains/infrastructure/rewards,domains/infrastructure/rewards.rewardBudgetEnvelopes|recognition-rewards-schema.rewardBudgetEnvelopes,apps/union-eyes/backend/unions/models.py,apps/union-eyes/backend/unions/migrations/0001_initial.py|apps/union-eyes/db/migrations/20260507_fixup_create_break_glass_activations.sql|apps/union-eyes/db/migrations/manual/058_recognition_rewards_system.sql|apps/union-eyes/db/migrations-audit/0000_familiar_silhouette.sql
reward_redemptions,DJANGO_OWNED,apps/union-eyes/backend/unions/migrations/0001_initial.py,DJANGO_MIGRATIONS,10,false,tenant,SELECT|INSERT|UPDATE,true,true,2,1,DJANGO_CANONICAL_LINEAGE,REQUIRED,,domains/infrastructure/rewards,domains/infrastructure/rewards.rewardRedemptions|recognition-rewards-schema.rewardRedemptions,apps/union-eyes/backend/unions/models.py,apps/union-eyes/backend/unions/migrations/0001_initial.py|apps/union-eyes/db/migrations/20260507_fixup_create_break_glass_activations.sql|apps/union-eyes/db/migrations/manual/058_recognition_rewards_system.sql|apps/union-eyes/db/migrations-audit/0000_familiar_silhouette.sql
reward_wallet_ledger,DJANGO_OWNED,apps/union-eyes/backend/unions/migrations/0001_initial.py,DJANGO_MIGRATIONS,10,false,tenant,SELECT|INSERT,true,true,4,3,DJANGO_CANONICAL_LINEAGE,REQUIRED,,award-templates-schema,award-templates-schema.rewardWalletLedger|domains/infrastructure/awards.rewardWalletLedger|domains/infrastructure/rewards.rewardWalletLedger|recognition-rewards-schema.rewardWalletLedger,apps/union-eyes/backend/unions/models.py,apps/union-eyes/backend/unions/migrations/0001_initial.py|apps/union-eyes/db/migrations/20260507_fixup_create_break_glass_activations.sql|apps/union-eyes/db/migrations/manual/058_recognition_rewards_system.sql|apps/union-eyes/db/migrations-audit/0000_familiar_silhouette.sql
right_of_refusal_events,UNKNOWN,,PROJECTED_OR_RUNTIME_USED_WITHOUT_CREATION_LINEAGE,,false,tenant,SELECT|INSERT|UPDATE|DELETE,true,false,0,0,PROJECTED_OR_RUNTIME_USED_WITHOUT_CREATION_LINEAGE,UNRESOLVED,F,domains/health-safety/cnesst-schema,domains/health-safety/cnesst-schema.rightOfRefusalEvents,,
safety_inspections,DJANGO_OWNED,apps/union-eyes/backend/compliance/migrations/0001_initial.py,DJANGO_MIGRATIONS,10,false,tenant,SELECT|INSERT|UPDATE|DELETE,true,true,3,0,DJANGO_CANONICAL_LINEAGE,REQUIRED,,domains/health-safety/health-safety-schema,domains/health-safety/health-safety-schema.safetyInspections,apps/union-eyes/backend/compliance/models.py,apps/union-eyes/backend/compliance/migrations/0001_initial.py|apps/union-eyes/db/migrations-audit/0000_familiar_silhouette.sql
safety_training_records,DJANGO_OWNED,apps/union-eyes/backend/compliance/migrations/0001_initial.py,DJANGO_MIGRATIONS,10,false,tenant,SELECT,true,true,2,0,DJANGO_CANONICAL_LINEAGE,REQUIRED,,domains/health-safety/health-safety-schema,domains/health-safety/health-safety-schema.safetyTrainingRecords,apps/union-eyes/backend/compliance/models.py,apps/union-eyes/backend/compliance/migrations/0001_initial.py|apps/union-eyes/db/migrations-audit/0000_familiar_silhouette.sql
satisfaction_surveys,UNKNOWN,,PROJECTED_OR_RUNTIME_USED_WITHOUT_CREATION_LINEAGE,,false,tenant,SELECT|INSERT|UPDATE,true,true,1,1,PROJECTED_OR_RUNTIME_USED_WITHOUT_CREATION_LINEAGE,UNRESOLVED,A,domains/claims/satisfaction,domains/claims/satisfaction.satisfactionSurveys,,
security_events,DJANGO_OWNED,apps/union-eyes/backend/core/migrations/0001_initial.py,DJANGO_MIGRATIONS,10,false,tenant,SELECT|INSERT,true,true,1,0,DJANGO_CANONICAL_LINEAGE,REQUIRED,,domains/infrastructure/audit,domains/infrastructure/audit.publicSecurityEvents,apps/union-eyes/backend/core/models.py,apps/union-eyes/backend/core/migrations/0001_initial.py|apps/union-eyes/db/migrations/20260507_fixup_create_break_glass_activations.sql
security_posture_checks,UNKNOWN,,PROJECTED_OR_RUNTIME_USED_WITHOUT_CREATION_LINEAGE,,false,tenant,SELECT,true,true,1,0,PROJECTED_OR_RUNTIME_USED_WITHOUT_CREATION_LINEAGE,UNRESOLVED,A,domains/infrastructure/audit,domains/infrastructure/audit.securityPostureChecks,,
settlements,DJANGO_OWNED,apps/union-eyes/backend/grievances/migrations/0001_initial.py,DJANGO_MIGRATIONS,10,false,tenant,SELECT,true,true,4,0,DJANGO_CANONICAL_LINEAGE,REQUIRED,,domains/claims/grievances,domains/claims/grievances.settlements|grievance-schema.settlements,apps/union-eyes/backend/grievances/models.py,apps/union-eyes/backend/grievances/migrations/0001_initial.py|apps/union-eyes/db/migrations/20260507_fixup_pre_0008_missing_tables.sql|apps/union-eyes/db/migrations-audit/0000_familiar_silhouette.sql
shared_clause_library,DJANGO_OWNED,apps/union-eyes/backend/bargaining/migrations/0001_initial.py,DJANGO_MIGRATIONS,10,false,tenant,SELECT|INSERT|UPDATE|DELETE,true,true,9,4,DJANGO_CANONICAL_LINEAGE,REQUIRED,,domains/agreements/shared-library,domains/agreements/shared-library.sharedClauseLibrary|shared-clause-library-schema.sharedClauseLibrary,apps/union-eyes/backend/bargaining/models.py,apps/union-eyes/backend/bargaining/migrations/0001_initial.py|apps/union-eyes/db/migrations/0001_phase5b_inter_union_features.sql|apps/union-eyes/db/migrations-audit/0000_familiar_silhouette.sql|apps/union-eyes/services/financial-service/drizzle/0000_lucky_mole_man.sql
signature_audit_trail,DJANGO_OWNED,apps/union-eyes/backend/content/migrations/0001_initial.py,DJANGO_MIGRATIONS,10,false,tenant,SELECT|INSERT,true,true,1,1,DJANGO_CANONICAL_LINEAGE,REQUIRED,,domains/documents/signatures,domains/documents/signatures.signatureAuditTrail|e-signature-schema.signatureAuditTrail,apps/union-eyes/backend/content/models.py,apps/union-eyes/backend/content/migrations/0001_initial.py|apps/union-eyes/db/migrations/0006_flat_stepford_cuckoos.sql|apps/union-eyes/db/migrations-audit/0000_familiar_silhouette.sql
signature_documents,DJANGO_OWNED,apps/union-eyes/backend/content/migrations/0001_initial.py,DJANGO_MIGRATIONS,10,false,tenant,SELECT|INSERT|UPDATE,true,true,1,1,DJANGO_CANONICAL_LINEAGE,REQUIRED,,domains/documents/signatures,domains/documents/signatures.signatureDocuments|e-signature-schema.signatureDocuments,apps/union-eyes/backend/content/models.py,apps/union-eyes/backend/content/migrations/0001_initial.py|apps/union-eyes/db/migrations/0006_flat_stepford_cuckoos.sql|apps/union-eyes/db/migrations-audit/0000_familiar_silhouette.sql
sms_campaigns,DJANGO_OWNED,apps/union-eyes/backend/notifications/migrations/0001_initial.py,DJANGO_MIGRATIONS,10,false,tenant,SELECT|INSERT,true,true,1,1,DJANGO_CANONICAL_LINEAGE,REQUIRED,,domains/communications/sms,domains/communications/sms.smsCampaigns|sms-communications-schema.smsCampaigns,apps/union-eyes/backend/notifications/models.py,apps/union-eyes/backend/notifications/migrations/0001_initial.py|apps/union-eyes/db/migrations/0004_phase2_complete.sql|apps/union-eyes/db/migrations-audit/0000_familiar_silhouette.sql
sms_conversations,DJANGO_OWNED,apps/union-eyes/backend/notifications/migrations/0001_initial.py,DJANGO_MIGRATIONS,10,false,tenant,SELECT|INSERT,true,true,0,1,DJANGO_CANONICAL_LINEAGE,REQUIRED,,domains/communications/sms,domains/communications/sms.smsConversations|sms-communications-schema.smsConversations,apps/union-eyes/backend/notifications/models.py,apps/union-eyes/backend/notifications/migrations/0001_initial.py|apps/union-eyes/db/migrations/20260507_fixup_create_break_glass_activations.sql|apps/union-eyes/db/migrations-audit/0000_familiar_silhouette.sql
sms_messages,DJANGO_OWNED,apps/union-eyes/backend/notifications/migrations/0001_initial.py,DJANGO_MIGRATIONS,10,false,tenant,SELECT|INSERT|UPDATE|DELETE,true,true,2,2,DJANGO_CANONICAL_LINEAGE,REQUIRED,,domains/communications/sms,domains/communications/sms.smsMessages|sms-communications-schema.smsMessages,apps/union-eyes/backend/notifications/models.py,apps/union-eyes/backend/notifications/migrations/0001_initial.py|apps/union-eyes/db/migrations/20260507_fixup_create_break_glass_activations.sql|apps/union-eyes/db/migrations-audit/0000_familiar_silhouette.sql
social_accounts,DJANGO_OWNED,apps/union-eyes/backend/content/migrations/0001_initial.py,DJANGO_MIGRATIONS,10,false,tenant,SELECT|INSERT|UPDATE|DELETE,true,true,2,3,DJANGO_CANONICAL_LINEAGE,REQUIRED,,domains/infrastructure/social-media,domains/infrastructure/social-media.socialAccounts|social-media-schema.socialAccounts,apps/union-eyes/backend/content/models.py,apps/union-eyes/backend/content/migrations/0001_initial.py|apps/union-eyes/db/migrations/0008_lean_mother_askani.sql|apps/union-eyes/db/migrations/0008_lean_mother_askani.sql|apps/union-eyes/db/migrations/0008_lean_mother_askani.sql|apps/union-eyes/db/migrations/0008_lean_mother_askani.sql|apps/union-eyes/db/migrations/0008_lean_mother_askani.sql|apps/union-eyes/db/migrations/0008_lean_mother_askani.sql|apps/union-eyes/db/migrations/0008_lean_mother_askani.sql|apps/union-eyes/db/migrations/0008_lean_mother_askani.sql|apps/union-eyes/db/migrations/0008_lean_mother_askani.sql|apps/union-eyes/db/migrations/0008_lean_mother_askani.sql|apps/union-eyes/db/migrations/0008_lean_mother_askani.sql|apps/union-eyes/db/migrations/0008_lean_mother_askani.sql|apps/union-eyes/db/migrations/0008_lean_mother_askani.sql|apps/union-eyes/db/migrations/0008_lean_mother_askani.sql|apps/union-eyes/db/migrations/0008_lean_mother_askani.sql|apps/union-eyes/db/migrations/0008_lean_mother_askani.sql|apps/union-eyes/db/migrations/0008_lean_mother_askani.sql|apps/union-eyes/db/migrations/0008_lean_mother_askani.sql|apps/union-eyes/db/migrations/0008_lean_mother_askani.sql|apps/union-eyes/db/migrations/0008_lean_mother_askani.sql|apps/union-eyes/db/migrations/0008_lean_mother_askani.sql|apps/union-eyes/db/migrations/0008_lean_mother_askani.sql|apps/union-eyes/db/migrations/0008_lean_mother_askani.sql|apps/union-eyes/db/migrations/0008_lean_mother_askani.sql|apps/union-eyes/db/migrations/0008_lean_mother_askani.sql|apps/union-eyes/db/migrations/0008_lean_mother_askani.sql|apps/union-eyes/db/migrations/0008_lean_mother_askani.sql|apps/union-eyes/db/migrations/0008_lean_mother_askani.sql|apps/union-eyes/db/migrations/0008_lean_mother_askani.sql|apps/union-eyes/db/migrations-audit/0000_familiar_silhouette.sql
social_analytics,DJANGO_OWNED,apps/union-eyes/backend/content/migrations/0001_initial.py,DJANGO_MIGRATIONS,10,false,tenant,SELECT,true,true,1,1,DJANGO_CANONICAL_LINEAGE,REQUIRED,,domains/infrastructure/social-media,domains/infrastructure/social-media.socialAnalytics|social-media-schema.socialAnalytics,apps/union-eyes/backend/content/models.py,apps/union-eyes/backend/content/migrations/0001_initial.py|apps/union-eyes/db/migrations/0008_lean_mother_askani.sql|apps/union-eyes/db/migrations/0008_lean_mother_askani.sql|apps/union-eyes/db/migrations/0008_lean_mother_askani.sql|apps/union-eyes/db/migrations/0008_lean_mother_askani.sql|apps/union-eyes/db/migrations/0008_lean_mother_askani.sql|apps/union-eyes/db/migrations/0008_lean_mother_askani.sql|apps/union-eyes/db/migrations/0008_lean_mother_askani.sql|apps/union-eyes/db/migrations/0008_lean_mother_askani.sql|apps/union-eyes/db/migrations/0008_lean_mother_askani.sql|apps/union-eyes/db/migrations/0008_lean_mother_askani.sql|apps/union-eyes/db/migrations/0008_lean_mother_askani.sql|apps/union-eyes/db/migrations/0008_lean_mother_askani.sql|apps/union-eyes/db/migrations/0008_lean_mother_askani.sql|apps/union-eyes/db/migrations/0008_lean_mother_askani.sql|apps/union-eyes/db/migrations/0008_lean_mother_askani.sql|apps/union-eyes/db/migrations/0008_lean_mother_askani.sql|apps/union-eyes/db/migrations/0008_lean_mother_askani.sql|apps/union-eyes/db/migrations/0008_lean_mother_askani.sql|apps/union-eyes/db/migrations/0008_lean_mother_askani.sql|apps/union-eyes/db/migrations/0008_lean_mother_askani.sql|apps/union-eyes/db/migrations/0008_lean_mother_askani.sql|apps/union-eyes/db/migrations/0008_lean_mother_askani.sql|apps/union-eyes/db/migrations/0008_lean_mother_askani.sql|apps/union-eyes/db/migrations/0008_lean_mother_askani.sql|apps/union-eyes/db/migrations/0008_lean_mother_askani.sql|apps/union-eyes/db/migrations/0008_lean_mother_askani.sql|apps/union-eyes/db/migrations/0008_lean_mother_askani.sql|apps/union-eyes/db/migrations/0008_lean_mother_askani.sql|apps/union-eyes/db/migrations/0008_lean_mother_askani.sql|apps/union-eyes/db/migrations-audit/0000_familiar_silhouette.sql
social_campaigns,DJANGO_OWNED,apps/union-eyes/backend/content/migrations/0001_initial.py,DJANGO_MIGRATIONS,10,false,tenant,SELECT|INSERT|UPDATE,true,true,2,1,DJANGO_CANONICAL_LINEAGE,REQUIRED,,domains/infrastructure/social-media,domains/infrastructure/social-media.socialCampaigns|social-media-schema.socialCampaigns,apps/union-eyes/backend/content/models.py,apps/union-eyes/backend/content/migrations/0001_initial.py|apps/union-eyes/db/migrations/0008_lean_mother_askani.sql|apps/union-eyes/db/migrations/0008_lean_mother_askani.sql|apps/union-eyes/db/migrations/0008_lean_mother_askani.sql|apps/union-eyes/db/migrations/0008_lean_mother_askani.sql|apps/union-eyes/db/migrations/0008_lean_mother_askani.sql|apps/union-eyes/db/migrations/0008_lean_mother_askani.sql|apps/union-eyes/db/migrations/0008_lean_mother_askani.sql|apps/union-eyes/db/migrations/0008_lean_mother_askani.sql|apps/union-eyes/db/migrations/0008_lean_mother_askani.sql|apps/union-eyes/db/migrations/0008_lean_mother_askani.sql|apps/union-eyes/db/migrations/0008_lean_mother_askani.sql|apps/union-eyes/db/migrations/0008_lean_mother_askani.sql|apps/union-eyes/db/migrations/0008_lean_mother_askani.sql|apps/union-eyes/db/migrations/0008_lean_mother_askani.sql|apps/union-eyes/db/migrations/0008_lean_mother_askani.sql|apps/union-eyes/db/migrations/0008_lean_mother_askani.sql|apps/union-eyes/db/migrations/0008_lean_mother_askani.sql|apps/union-eyes/db/migrations/0008_lean_mother_askani.sql|apps/union-eyes/db/migrations/0008_lean_mother_askani.sql|apps/union-eyes/db/migrations/0008_lean_mother_askani.sql|apps/union-eyes/db/migrations/0008_lean_mother_askani.sql|apps/union-eyes/db/migrations/0008_lean_mother_askani.sql|apps/union-eyes/db/migrations/0008_lean_mother_askani.sql|apps/union-eyes/db/migrations/0008_lean_mother_askani.sql|apps/union-eyes/db/migrations/0008_lean_mother_askani.sql|apps/union-eyes/db/migrations/0008_lean_mother_askani.sql|apps/union-eyes/db/migrations/0008_lean_mother_askani.sql|apps/union-eyes/db/migrations/0008_lean_mother_askani.sql|apps/union-eyes/db/migrations/0008_lean_mother_askani.sql|apps/union-eyes/db/migrations-audit/0000_familiar_silhouette.sql
social_posts,DJANGO_OWNED,apps/union-eyes/backend/content/migrations/0001_initial.py,DJANGO_MIGRATIONS,10,false,tenant,SELECT|INSERT|UPDATE,true,true,4,1,DJANGO_CANONICAL_LINEAGE,REQUIRED,,domains/infrastructure/social-media,domains/infrastructure/social-media.socialPosts|social-media-schema.socialPosts,apps/union-eyes/backend/content/models.py,apps/union-eyes/backend/content/migrations/0001_initial.py|apps/union-eyes/db/migrations/0008_lean_mother_askani.sql|apps/union-eyes/db/migrations/0008_lean_mother_askani.sql|apps/union-eyes/db/migrations/0008_lean_mother_askani.sql|apps/union-eyes/db/migrations/0008_lean_mother_askani.sql|apps/union-eyes/db/migrations/0008_lean_mother_askani.sql|apps/union-eyes/db/migrations/0008_lean_mother_askani.sql|apps/union-eyes/db/migrations/0008_lean_mother_askani.sql|apps/union-eyes/db/migrations/0008_lean_mother_askani.sql|apps/union-eyes/db/migrations/0008_lean_mother_askani.sql|apps/union-eyes/db/migrations/0008_lean_mother_askani.sql|apps/union-eyes/db/migrations/0008_lean_mother_askani.sql|apps/union-eyes/db/migrations/0008_lean_mother_askani.sql|apps/union-eyes/db/migrations/0008_lean_mother_askani.sql|apps/union-eyes/db/migrations/0008_lean_mother_askani.sql|apps/union-eyes/db/migrations/0008_lean_mother_askani.sql|apps/union-eyes/db/migrations/0008_lean_mother_askani.sql|apps/union-eyes/db/migrations/0008_lean_mother_askani.sql|apps/union-eyes/db/migrations/0008_lean_mother_askani.sql|apps/union-eyes/db/migrations/0008_lean_mother_askani.sql|apps/union-eyes/db/migrations/0008_lean_mother_askani.sql|apps/union-eyes/db/migrations/0008_lean_mother_askani.sql|apps/union-eyes/db/migrations/0008_lean_mother_askani.sql|apps/union-eyes/db/migrations/0008_lean_mother_askani.sql|apps/union-eyes/db/migrations/0008_lean_mother_askani.sql|apps/union-eyes/db/migrations/0008_lean_mother_askani.sql|apps/union-eyes/db/migrations/0008_lean_mother_askani.sql|apps/union-eyes/db/migrations/0008_lean_mother_askani.sql|apps/union-eyes/db/migrations/0008_lean_mother_askani.sql|apps/union-eyes/db/migrations/0008_lean_mother_askani.sql|apps/union-eyes/db/migrations-audit/0000_familiar_silhouette.sql
sso_providers,DJANGO_OWNED,apps/union-eyes/backend/auth_core/migrations/0001_initial.py,DJANGO_MIGRATIONS,10,false,tenant,SELECT|INSERT,true,true,1,1,DJANGO_CANONICAL_LINEAGE,REQUIRED,,sso-scim-schema,sso-scim-schema.ssoProviders,apps/union-eyes/backend/auth_core/models.py,apps/union-eyes/backend/auth_core/migrations/0001_initial.py|scripts/stub-migration.sql
steward_assignments,DJANGO_OWNED,apps/union-eyes/backend/unions/migrations/0001_initial.py,DJANGO_MIGRATIONS,10,false,tenant,SELECT|INSERT|UPDATE|DELETE,true,true,2,2,DJANGO_CANONICAL_LINEAGE,REQUIRED,,union-structure-schema,union-structure-schema.stewardAssignments,apps/union-eyes/backend/unions/models.py,apps/union-eyes/backend/unions/migrations/0001_initial.py|apps/union-eyes/db/migrations/0019_lonely_stephen_strange.sql|apps/union-eyes/db/migrations-audit/0000_familiar_silhouette.sql
stewards,PLATFORM_SQL_OWNED,apps/union-eyes/db/migrations-audit/0000_familiar_silhouette.sql,UNION_EYES_AUDIT_SQL,40,false,tenant,SELECT|INSERT|UPDATE,true,true,4,1,OTHER_GOVERNED_LINEAGE,REQUIRED,,domains/member/stewards,domains/member/stewards.stewards,,apps/union-eyes/db/migrations-audit/0000_familiar_silhouette.sql|tooling/sql/union-eyes-qa-baseline.sql|scripts/stub-migration.sql
strategic_goals,PLATFORM_SQL_OWNED,apps/union-eyes/db/migrations-audit/0000_familiar_silhouette.sql,UNION_EYES_AUDIT_SQL,40,false,tenant,SELECT,true,true,2,0,OTHER_GOVERNED_LINEAGE,REQUIRED,,domains/governance/strategic-goals,domains/governance/strategic-goals.strategicGoals,,apps/union-eyes/db/migrations-audit/0000_familiar_silhouette.sql|scripts/stub-migration.sql
strike_fund_disbursements,DJANGO_OWNED,apps/union-eyes/backend/billing/migrations/0001_initial.py,DJANGO_MIGRATIONS,10,false,tenant,SELECT,true,true,6,2,DJANGO_CANONICAL_LINEAGE,REQUIRED,,domains/finance/taxes,domains/finance/taxes.strikeFundDisbursements,apps/union-eyes/backend/billing/models.py,apps/union-eyes/backend/billing/migrations/0001_initial.py|apps/union-eyes/db/migrations/20260507_fixup_create_break_glass_activations.sql|apps/union-eyes/db/migrations-audit/0000_familiar_silhouette.sql
subscription_events_log,PLATFORM_SQL_OWNED,apps/union-eyes/db/migrations/0085_monetization_infrastructure_layer.sql,UNION_EYES_LEGACY_SQL,20,false,tenant,SELECT|INSERT,true,true,0,2,ACTIVE_SQL_PLATFORM_LINEAGE,REQUIRED,,domains/finance/dunning,domains/finance/dunning.subscriptionEventsLog,,apps/union-eyes/db/migrations/0085_monetization_infrastructure_layer.sql
subscription_plans,PLATFORM_SQL_OWNED,apps/union-eyes/db/migrations/20260325_dapl_platform_ledger.sql,UNION_EYES_LEGACY_SQL,20,false,tenant,SELECT,false,true,3,1,ACTIVE_SQL_PLATFORM_LINEAGE,REQUIRED,,domains/finance/platform-billing,domains/finance/platform-billing.subscriptionPlans,,apps/union-eyes/db/migrations/20260325_dapl_platform_ledger.sql|apps/union-eyes/db/migrations-audit/0000_familiar_silhouette.sql|apps/union-eyes/db/migrations-audit/finance-tables.sql|migrations/finance-platform-billing-tables.sql|tooling/sql/union-eyes-qa-baseline.sql
survey_answers,DJANGO_OWNED,apps/union-eyes/backend/unions/migrations/0001_initial.py,DJANGO_MIGRATIONS,10,false,tenant,SELECT|INSERT,true,true,1,0,DJANGO_CANONICAL_LINEAGE,REQUIRED,,domains/communications/surveys,domains/communications/surveys.surveyAnswers|survey-polling-schema.surveyAnswers,apps/union-eyes/backend/unions/models.py,apps/union-eyes/backend/unions/migrations/0001_initial.py|apps/union-eyes/db/migrations/20260507_fixup_create_break_glass_activations.sql|apps/union-eyes/db/migrations-audit/0000_familiar_silhouette.sql
survey_questions,DJANGO_OWNED,apps/union-eyes/backend/unions/migrations/0001_initial.py,DJANGO_MIGRATIONS,10,false,tenant,SELECT|INSERT,true,true,1,0,DJANGO_CANONICAL_LINEAGE,REQUIRED,,domains/communications/surveys,domains/communications/surveys.surveyQuestions|survey-polling-schema.surveyQuestions,apps/union-eyes/backend/unions/models.py,apps/union-eyes/backend/unions/migrations/0001_initial.py|apps/union-eyes/db/migrations/20260507_fixup_create_break_glass_activations.sql|apps/union-eyes/db/migrations-audit/0000_familiar_silhouette.sql
survey_responses,DJANGO_OWNED,apps/union-eyes/backend/unions/migrations/0001_initial.py,DJANGO_MIGRATIONS,10,false,tenant,SELECT|INSERT,true,true,2,0,DJANGO_CANONICAL_LINEAGE,REQUIRED,,domains/communications/surveys,domains/communications/surveys.surveyResponses|survey-polling-schema.surveyResponses,apps/union-eyes/backend/unions/models.py,apps/union-eyes/backend/unions/migrations/0001_initial.py|apps/union-eyes/db/migrations/20260507_fixup_create_break_glass_activations.sql|apps/union-eyes/db/migrations-audit/0000_familiar_silhouette.sql
surveys,DJANGO_OWNED,apps/union-eyes/backend/unions/migrations/0001_initial.py,DJANGO_MIGRATIONS,10,false,tenant,SELECT|INSERT|UPDATE|DELETE,true,false,0,0,DJANGO_CANONICAL_LINEAGE,REQUIRED,,domains/communications/surveys,domains/communications/surveys.surveys|survey-polling-schema.surveys,apps/union-eyes/backend/unions/models.py,apps/union-eyes/backend/unions/migrations/0001_initial.py|apps/union-eyes/db/migrations/20260507_fixup_create_break_glass_activations.sql|apps/union-eyes/db/migrations-audit/0000_familiar_silhouette.sql
tentative_agreements,DJANGO_OWNED,apps/union-eyes/backend/bargaining/migrations/0001_initial.py,DJANGO_MIGRATIONS,10,false,tenant,SELECT|INSERT,true,true,2,1,DJANGO_CANONICAL_LINEAGE,REQUIRED,,bargaining-negotiations-schema,bargaining-negotiations-schema.tentativeAgreements,apps/union-eyes/backend/bargaining/models.py,apps/union-eyes/backend/bargaining/migrations/0001_initial.py|apps/union-eyes/db/migrations/0008_lean_mother_askani.sql|apps/union-eyes/db/migrations/0008_lean_mother_askani.sql|apps/union-eyes/db/migrations/0008_lean_mother_askani.sql|apps/union-eyes/db/migrations/0008_lean_mother_askani.sql|apps/union-eyes/db/migrations/0008_lean_mother_askani.sql|apps/union-eyes/db/migrations/0008_lean_mother_askani.sql|apps/union-eyes/db/migrations/0008_lean_mother_askani.sql|apps/union-eyes/db/migrations/0008_lean_mother_askani.sql|apps/union-eyes/db/migrations/0008_lean_mother_askani.sql|apps/union-eyes/db/migrations/0008_lean_mother_askani.sql|apps/union-eyes/db/migrations/0008_lean_mother_askani.sql|apps/union-eyes/db/migrations/0008_lean_mother_askani.sql|apps/union-eyes/db/migrations/0008_lean_mother_askani.sql|apps/union-eyes/db/migrations/0008_lean_mother_askani.sql|apps/union-eyes/db/migrations/0008_lean_mother_askani.sql|apps/union-eyes/db/migrations/0008_lean_mother_askani.sql|apps/union-eyes/db/migrations/0008_lean_mother_askani.sql|apps/union-eyes/db/migrations/0008_lean_mother_askani.sql|apps/union-eyes/db/migrations/0008_lean_mother_askani.sql|apps/union-eyes/db/migrations/0008_lean_mother_askani.sql|apps/union-eyes/db/migrations/0008_lean_mother_askani.sql|apps/union-eyes/db/migrations/0008_lean_mother_askani.sql|apps/union-eyes/db/migrations/0008_lean_mother_askani.sql|apps/union-eyes/db/migrations/0008_lean_mother_askani.sql|apps/union-eyes/db/migrations/0008_lean_mother_askani.sql|apps/union-eyes/db/migrations/0008_lean_mother_askani.sql|apps/union-eyes/db/migrations/0008_lean_mother_askani.sql|apps/union-eyes/db/migrations/0008_lean_mother_askani.sql|apps/union-eyes/db/migrations/0008_lean_mother_askani.sql|apps/union-eyes/db/migrations-audit/0000_familiar_silhouette.sql
testimonials,DJANGO_OWNED,apps/union-eyes/backend/content/migrations/0001_initial.py,DJANGO_MIGRATIONS,10,false,tenant,SELECT|INSERT|UPDATE|DELETE,false,true,1,0,DJANGO_CANONICAL_LINEAGE,REQUIRED,,domains/marketing,domains/marketing.testimonials,apps/union-eyes/backend/content/models.py,apps/union-eyes/backend/content/migrations/0001_initial.py|apps/union-eyes/db/migrations-audit/0001_silky_elektra.sql
training_courses,DJANGO_OWNED,apps/union-eyes/backend/unions/migrations/0001_initial.py,DJANGO_MIGRATIONS,10,false,tenant,SELECT|INSERT|UPDATE|DELETE,true,true,6,1,DJANGO_CANONICAL_LINEAGE,REQUIRED,,domains/scheduling/training,domains/scheduling/training.trainingCourses|education-training-schema.trainingCourses,apps/union-eyes/backend/unions/models.py,apps/union-eyes/backend/unions/migrations/0001_initial.py|apps/union-eyes/db/migrations/20260507_fixup_create_break_glass_activations.sql|apps/union-eyes/db/migrations-audit/0000_familiar_silhouette.sql|apps/union-eyes/services/financial-service/drizzle/0000_lucky_mole_man.sql
training_programs,DJANGO_OWNED,apps/union-eyes/backend/unions/migrations/0001_initial.py,DJANGO_MIGRATIONS,10,false,tenant,SELECT|INSERT,true,false,0,0,DJANGO_CANONICAL_LINEAGE,REQUIRED,,domains/scheduling/training,domains/scheduling/training.trainingPrograms|education-training-schema.trainingPrograms,apps/union-eyes/backend/unions/models.py,apps/union-eyes/backend/unions/migrations/0001_initial.py|apps/union-eyes/db/migrations/20260507_fixup_create_break_glass_activations.sql|apps/union-eyes/db/migrations-audit/0000_familiar_silhouette.sql|apps/union-eyes/services/financial-service/drizzle/0000_lucky_mole_man.sql
transaction_fee_events,PLATFORM_SQL_OWNED,apps/union-eyes/db/migrations/0086_monetization_phase2.sql,UNION_EYES_LEGACY_SQL,20,false,tenant,SELECT,true,true,3,1,ACTIVE_SQL_PLATFORM_LINEAGE,REQUIRED,,domains/finance/transaction-fees,domains/finance/transaction-fees.transactionFeeEvents,,apps/union-eyes/db/migrations/0086_monetization_phase2.sql
transaction_fee_rules,PLATFORM_SQL_OWNED,apps/union-eyes/db/migrations/0086_monetization_phase2.sql,UNION_EYES_LEGACY_SQL,20,false,tenant,,true,true,1,1,ACTIVE_SQL_PLATFORM_LINEAGE,REQUIRED,,domains/finance/transaction-fees,domains/finance/transaction-fees.transactionFeeRules,,apps/union-eyes/db/migrations/0086_monetization_phase2.sql
trend_analyses,DJANGO_OWNED,apps/union-eyes/backend/analytics/migrations/0001_initial.py,DJANGO_MIGRATIONS,10,false,tenant,SELECT|INSERT,true,true,1,1,DJANGO_CANONICAL_LINEAGE,REQUIRED,,analytics,analytics.trendAnalyses|domains/analytics/analytics.trendAnalyses,apps/union-eyes/backend/analytics/models.py,apps/union-eyes/backend/analytics/migrations/0001_initial.py|apps/union-eyes/db/migrations/20260324_add_remaining_missing_tables.sql|apps/union-eyes/db/migrations/20260507_fixup_create_break_glass_activations.sql|apps/union-eyes/db/migrations/manual/067_advanced_analytics_q1_2025.sql|apps/union-eyes/db/migrations-audit/0000_familiar_silhouette.sql|apps/union-eyes/services/financial-service/drizzle/0000_lucky_mole_man.sql
user_consents,DJANGO_OWNED,apps/union-eyes/backend/compliance/migrations/0001_initial.py,DJANGO_MIGRATIONS,10,false,tenant,SELECT|UPDATE,true,true,1,1,DJANGO_CANONICAL_LINEAGE,REQUIRED,,domains/compliance/gdpr,domains/compliance/gdpr.userConsents|gdpr-compliance-schema.userConsents,apps/union-eyes/backend/compliance/models.py,apps/union-eyes/backend/compliance/migrations/0001_initial.py|apps/union-eyes/db/migrations/0006_flat_stepford_cuckoos.sql|apps/union-eyes/db/migrations-audit/0000_familiar_silhouette.sql
user_notification_preferences,DJANGO_OWNED,apps/union-eyes/backend/notifications/migrations/0001_initial.py,DJANGO_MIGRATIONS,10,false,mixed,SELECT|INSERT|UPDATE,true,true,6,3,DJANGO_CANONICAL_LINEAGE,REQUIRED,,domains/communications/notifications,domains/communications/notifications.userNotificationPreferences|notifications-schema.userNotificationPreferences,apps/union-eyes/backend/notifications/models.py,apps/union-eyes/backend/notifications/migrations/0001_initial.py|apps/union-eyes/db/migrations/0000_flippant_luke_cage.sql|apps/union-eyes/db/migrations/0001_phase5b_inter_union_features.sql|apps/union-eyes/db/migrations-audit/0000_familiar_silhouette.sql|apps/union-eyes/services/financial-service/drizzle/0000_lucky_mole_man.sql
user_signatures,PLATFORM_SQL_OWNED,apps/union-eyes/db/migrations/0105_correspondence_pipeline.sql,UNION_EYES_LEGACY_SQL,20,false,tenant,SELECT|INSERT,true,true,1,1,ACTIVE_SQL_PLATFORM_LINEAGE,REQUIRED,,domains/documents/correspondence,domains/documents/correspondence.userSignatures,,apps/union-eyes/db/migrations/0105_correspondence_pipeline.sql
voter_eligibility,DJANGO_OWNED,apps/union-eyes/backend/unions/migrations/0001_initial.py,DJANGO_MIGRATIONS,10,false,tenant,SELECT,true,true,1,1,DJANGO_CANONICAL_LINEAGE,REQUIRED,,domains/governance/voting,domains/governance/voting.voterEligibility|voting-schema.voterEligibility,apps/union-eyes/backend/unions/models.py,apps/union-eyes/backend/unions/migrations/0001_initial.py|apps/union-eyes/db/migrations/20260507_fixup_create_break_glass_activations.sql|apps/union-eyes/db/migrations-audit/0000_familiar_silhouette.sql|apps/union-eyes/services/financial-service/drizzle/0000_lucky_mole_man.sql
votes,DJANGO_OWNED,apps/union-eyes/backend/unions/migrations/0001_initial.py,DJANGO_MIGRATIONS,10,false,tenant,SELECT|INSERT,true,true,5,1,DJANGO_CANONICAL_LINEAGE,REQUIRED,,domains/governance/voting,domains/governance/voting.votes|voting-schema.votes,apps/union-eyes/backend/unions/models.py,apps/union-eyes/backend/unions/migrations/0001_initial.py|apps/union-eyes/db/migrations/20260507_fixup_create_break_glass_activations.sql|apps/union-eyes/db/migrations-audit/0000_familiar_silhouette.sql|packages/db/drizzle/0000_initial.sql|scripts/migrate-console-tables.sql|apps/union-eyes/services/financial-service/drizzle/0000_lucky_mole_man.sql
voting_options,DJANGO_OWNED,apps/union-eyes/backend/unions/migrations/0001_initial.py,DJANGO_MIGRATIONS,10,false,tenant,SELECT,true,true,5,1,DJANGO_CANONICAL_LINEAGE,REQUIRED,,domains/governance/voting,domains/governance/voting.votingOptions|voting-schema.votingOptions,apps/union-eyes/backend/unions/models.py,apps/union-eyes/backend/unions/migrations/0001_initial.py|apps/union-eyes/db/migrations/20260507_fixup_create_break_glass_activations.sql|apps/union-eyes/db/migrations-audit/0000_familiar_silhouette.sql|apps/union-eyes/services/financial-service/drizzle/0000_lucky_mole_man.sql
voting_sessions,DJANGO_OWNED,apps/union-eyes/backend/unions/migrations/0001_initial.py,DJANGO_MIGRATIONS,10,false,tenant,SELECT|INSERT|UPDATE|DELETE,true,true,7,3,DJANGO_CANONICAL_LINEAGE,REQUIRED,,domains/governance/voting,domains/governance/voting.votingSessions|voting-schema.votingSessions,apps/union-eyes/backend/unions/models.py,apps/union-eyes/backend/unions/migrations/0001_initial.py|apps/union-eyes/db/migrations/20260324_add_remaining_missing_tables.sql|apps/union-eyes/db/migrations/20260507_fixup_create_break_glass_activations.sql|apps/union-eyes/db/migrations-audit/0000_familiar_silhouette.sql|apps/union-eyes/services/financial-service/drizzle/0000_lucky_mole_man.sql
wcb_claims,UNKNOWN,,PROJECTED_OR_RUNTIME_USED_WITHOUT_CREATION_LINEAGE,,false,tenant,SELECT|INSERT|UPDATE|DELETE,true,false,0,0,PROJECTED_OR_RUNTIME_USED_WITHOUT_CREATION_LINEAGE,UNRESOLVED,F,domains/health-safety/provincial-wcb-schema,domains/health-safety/provincial-wcb-schema.wcbClaims,,
wcb_employer_assessments,UNKNOWN,,PROJECTED_OR_RUNTIME_USED_WITHOUT_CREATION_LINEAGE,,false,tenant,SELECT|INSERT|UPDATE|DELETE,true,false,0,0,PROJECTED_OR_RUNTIME_USED_WITHOUT_CREATION_LINEAGE,UNRESOLVED,F,domains/health-safety/provincial-wcb-schema,domains/health-safety/provincial-wcb-schema.wcbEmployerAssessments,,
workbook_governance_lineage_entries,SCOPED_AUTHORITY_OWNED,apps/union-eyes/db/migrations-cache/0001_lean_iron_man.sql,UNION_EYES_SCOPED_SQL,30,true,tenant,SELECT,true,true,1,0,OTHER_GOVERNED_LINEAGE,REQUIRED,,workbook-schema,workbook-schema.workbookGovernanceLineageEntries,,apps/union-eyes/db/migrations-cache/0001_lean_iron_man.sql
workbook_memory_holders,SCOPED_AUTHORITY_OWNED,apps/union-eyes/db/migrations-cache/0001_lean_iron_man.sql,UNION_EYES_SCOPED_SQL,30,true,tenant,SELECT|INSERT|UPDATE|DELETE,true,true,4,2,OTHER_GOVERNED_LINEAGE,REQUIRED,,workbook-schema,workbook-schema.workbookMemoryHolders,,apps/union-eyes/db/migrations-cache/0001_lean_iron_man.sql
workbook_modules,SCOPED_AUTHORITY_OWNED,apps/union-eyes/db/migrations-cache/0001_lean_iron_man.sql,UNION_EYES_SCOPED_SQL,30,true,tenant,INSERT,true,true,0,2,OTHER_GOVERNED_LINEAGE,REQUIRED,,workbook-schema,workbook-schema.workbookModules,,apps/union-eyes/db/migrations-cache/0001_lean_iron_man.sql
workbook_purchases,SCOPED_AUTHORITY_OWNED,apps/union-eyes/db/migrations-cache/0001_lean_iron_man.sql,UNION_EYES_SCOPED_SQL,30,true,tenant,,true,true,1,1,OTHER_GOVERNED_LINEAGE,REQUIRED,,workbook-schema,workbook-schema.workbookPurchases,,apps/union-eyes/db/migrations-cache/0001_lean_iron_man.sql
workbooks,SCOPED_AUTHORITY_OWNED,apps/union-eyes/db/migrations-cache/0001_lean_iron_man.sql,UNION_EYES_SCOPED_SQL,30,true,mixed,SELECT|INSERT|UPDATE,true,true,9,4,OTHER_GOVERNED_LINEAGE,REQUIRED,,workbook-schema,workbook-schema.workbooks,,apps/union-eyes/db/migrations-cache/0001_lean_iron_man.sql
workplace_incidents,DJANGO_OWNED,apps/union-eyes/backend/compliance/migrations/0001_initial.py,DJANGO_MIGRATIONS,10,false,tenant,SELECT|INSERT|UPDATE|DELETE,true,true,3,0,DJANGO_CANONICAL_LINEAGE,REQUIRED,,domains/health-safety/health-safety-schema,domains/health-safety/health-safety-schema.workplaceIncidents,apps/union-eyes/backend/compliance/models.py,apps/union-eyes/backend/compliance/migrations/0001_initial.py|apps/union-eyes/db/migrations-audit/0000_familiar_silhouette.sql
worksites,DJANGO_OWNED,apps/union-eyes/backend/unions/migrations/0001_initial.py,DJANGO_MIGRATIONS,10,false,tenant,SELECT|INSERT|UPDATE|DELETE,true,true,1,0,DJANGO_CANONICAL_LINEAGE,REQUIRED,,union-structure-schema,union-structure-schema.worksites,apps/union-eyes/backend/unions/models.py,apps/union-eyes/backend/unions/migrations/0001_initial.py|apps/union-eyes/db/migrations/0019_lonely_stephen_strange.sql|apps/union-eyes/db/migrations/20260324_add_remaining_missing_tables.sql|apps/union-eyes/db/migrations-audit/0000_familiar_silhouette.sql